"id","title","user_uuid","content","image_url","is_public","created_at","updated_at"
1,ì†Œë„êµ¬ í•„ë¼í…ŒìŠ¤,"123e4567-e89b-12d3-a456-426614170033",ì˜¤ëŠ˜ì€ ìƒ‰ë‹¤ë¥´ê²Œ ì†Œë„êµ¬ë¥¼ ì´ìš©í•œ ìˆ˜ì—…ì„ í•´ë³´ì•˜ìŠµë‹ˆë‹¤! ì‘ì€ê±°ë¡œ í’€ì–´ì£¼ë‹ˆê¹Œ ë” ì‹œì›í•œ ëŠë‚Œì´ë„¤ìš”,"https://plus.unsplash.com/premium_photo-1671028547976-4b1e3300a350?q=80&w=2940&auto=format&fit=crop&ixlib=rb-4.1.0&ixid=M3wxMjA3fDB8MHxwaG90by1wYWdlfHx8fGVufDB8fHx8fA%3D%3D,https://images.unsplash.com/photo-1717500252573-d31d4bf5ddf1?q=80&w=2940&auto=format&fit=crop&ixlib=rb-4.1.0&ixid=M3wxMjA3fDB8MHxwaG90by1wYWdlfHx8fGVufDB8fHx8fA%3D%3D,https://images.unsplash.com/photo-1717500250901-9f4c8bd96a9d?q=80&w=3087&auto=format&fit=crop&ixlib=rb-4.1.0&ixid=M3wxMjA3fDB8MHxwaG90by1wYWdlfHx8fGVufDB8fHx8fA%3D%3D",true,2025-06-04 18:55:07.469 +0900,2025-06-04 18:55:07.469 +0900
2,ë°”ë””í”„ë¡œí•„ ìš´ë™ ë£¨í‹´,"123e4567-e89b-12d3-a456-426614170050",ë°”ë””í”„ë¡œí•„ ì¤€ë¹„ë¥¼ ìœ„í•œ ìš´ë™ ë£¨í‹´ì„ ìŒ 3ë¶„í• ë¡œ ìƒê°í•˜ê³  ìˆëŠ”ë° í•˜ë£¨ì— ìš´ë™í•  ìˆ˜ ìˆëŠ” ì‹œê°„ì€ í•œì‹œê°„ ì •ë„ì—ìš”. ì–´ë–»ê²Œ í•˜ëŠ”ê±¸ ì¶”ì²œí•˜ì‹œë‚˜ìš” ë‹¤ë“¤..??,https://plus.unsplash.com/premium_photo-1664475922946-d01445240652?q=80&w=3987&auto=format&fit=crop&ixlib=rb-4.1.0&ixid=M3wxMjA3fDB8MHxwaG90by1wYWdlfHx8fGVufDB8fHx8fA%3D%3D,false,2025-06-04 18:55:07.469 +0900,2025-06-04 18:55:07.469 +0900
3,í™ˆíŠ¸ ì¸ì¦ìƒ· ê³µìœ ,"123e4567-e89b-12d3-a456-426614170011",ë§¤ì¼ ê¾¸ì¤€íˆ í™ˆíŠ¸í•˜ëŠ” ìŠµê´€ì„ ë“¤ì´ê³  ìˆì–´ìš”.,"https://images.unsplash.com/photo-1571019613454-1cb2f99b2d8b?w=800&h=600&fit=crop,https://plus.unsplash.com/premium_photo-1664476325264-f1dab37eaa7a?q=80&w=3871&auto=format&fit=crop&ixlib=rb-4.1.0&ixid=M3wxMjA3fDB8MHxwaG90by1wYWdlfHx8fGVufDB8fHx8fA%3D%3D,https://plus.unsplash.com/premium_photo-1671028547976-4b1e3300a350?q=80&w=3870&auto=format&fit=crop&ixlib=rb-4.1.0&ixid=M3wxMjA3fDB8MHxwaG90by1wYWdlfHx8fGVufDB8fHx8fA%3D%3D",true,2025-06-03 18:55:07.469 +0900,2025-06-03 18:55:07.469 +0900
4,í™ˆíŠ¸ ì¸ì¦ìƒ· ê³µìœ ,"123e4567-e89b-12d3-a456-426614170075",ë§¤ì¼ ê¾¸ì¤€íˆ í™ˆíŠ¸í•˜ëŠ” ìŠµê´€ì„ ë“¤ì´ê³  ìˆì–´ìš”.,https://images.unsplash.com/photo-1734873477108-6837b02f2b9d?q=80&w=3468&auto=format&fit=crop&ixlib=rb-4.1.0&ixid=M3wxMjA3fDB8MHxwaG90by1wYWdlfHx8fGVufDB8fHx8fA%3D%3D,true,2025-06-03 18:55:07.469 +0900,2025-06-03 18:55:07.469 +0900
5,ë«í’€ë‹¤ìš´ í•´ë³´ëŠ”ë° ìš´ë™ìì„¸ ì´ê±° ë§ì•„ìš”?,"123e4567-e89b-12d3-a456-426614170000",í—¬ìŠ¤ ê³ ìˆ˜ë¶„ë“¤ ë„ì™€ì£¼ì„¸ìš” ã… ã… ,"https://images.unsplash.com/photo-1605296867424-35fc25c9212a?w=800&h=600&fit=crop,https://images.unsplash.com/photo-1540497077202-7c8a3999166f?w=800&h=600&fit=crop,https://images.unsplash.com/photo-1549060279-7e168fcee0c2?w=800&h=600&fit=crop",true,2025-06-03 18:55:07.469 +0900,2025-06-03 18:55:07.469 +0900
6,ë«í’€ë‹¤ìš´ í•´ë³´ëŠ”ë° ìš´ë™ìì„¸ ì´ê±° ë§ì•„ìš”?,"123e4567-e89b-12d3-a456-426614170061",í—¬ìŠ¤ ê³ ìˆ˜ë¶„ë“¤ ë„ì™€ì£¼ì„¸ìš” ã… ã… ,https://images.unsplash.com/photo-1540497077202-7c8a3999166f?w=800&h=600&fit=crop,true,2025-06-03 18:55:07.469 +0900,2025-06-03 18:55:07.469 +0900
7,ì›¨ì´íŠ¸ íŠ¸ë ˆì´ë‹ ë£¨í‹´ ì¶”ì²œë°›ì•„ìš”,"123e4567-e89b-12d3-a456-426614170064",ì˜¤ëŠ˜ì€ í•˜ì²´ ìœ„ì£¼ë¡œ ì›¨ì´íŠ¸ë¥¼ í–ˆìŠµë‹ˆë‹¤. ë‹¤ë“¤ ì–´ë–¤ì‹ìœ¼ë¡œ ìš´ë™ ë£¨í‹´ì„ ì§œì‹œë‚˜ìš”?,https://images.unsplash.com/photo-1540497077202-7c8a3999166f?w=800&h=600&fit=crop,true,2025-06-03 18:55:07.469 +0900,2025-06-03 18:55:07.469 +0900
8,ã…‡ã…‡ã…‡,"123e4567-e89b-12d3-a456-426614170096",ê·¸ë¦½ ìƒˆë¡œ ìƒ€ëŠ”ë° ì°¸ ì¢‹ë„¤ìš”. ì—­ì‹œ ìš´ë™ì€ ì¥ë¹„ë¹¨!,"https://images.unsplash.com/photo-1540497077202-7c8a3999166f?w=800&h=600&fit=crop,https://images.unsplash.com/photo-1574680096145-d05b474e2155?w=800&h=600&fit=crop,https://images.unsplash.com/photo-1605296867424-35fc25c9212a?w=800&h=600&fit=crop",true,2025-06-03 18:55:07.469 +0900,2025-06-03 18:55:07.469 +0900
9,ë¼ì´ë”© ì¥ë¹„ ë¦¬ë·°,"123e4567-e89b-12d3-a456-426614170023",ìƒˆë¡œ ì‚° ë¼ì´ë”© ì¥ë¹„ê°€ ì •ë§ ë§ˆìŒì— ë“¤ì–´ìš”.,"https://images.unsplash.com/photo-1632050592122-6b730e1ac63f?q=80&w=1843&auto=format&fit=crop&ixlib=rb-4.1.0&ixid=M3wxMjA3fDB8MHxwaG90by1wYWdlfHx8fGVufDB8fHx8fA%3D%3D,https://plus.unsplash.com/premium_photo-1685207267343-1c8852b45575?w=800&h=600&auto=format&fit=crop&ixlib=rb-4.1.0&ixid=M3wxMjA3fDB8MHxwaG90by1wYWdlfHx8fGVufDB8fHx8fA%3D%3D,https://plus.unsplash.com/premium_photo-1683442814148-78aa260ac18e?q=80&w=3870&auto=format&fit=crop&ixlib=rb-4.1.0&ixid=M3wxMjA3fDB8MHxwaG90by1wYWdlfHx8fGVufDB8fHx8fA%3D%3D",true,2025-06-03 18:55:07.469 +0900,2025-06-03 18:55:07.469 +0900
10,í™ˆíŠ¸ ì¸ì¦ìƒ· ê³µìœ ,"123e4567-e89b-12d3-a456-426614170000",ë§¤ì¼ ê¾¸ì¤€íˆ í™ˆíŠ¸í•˜ëŠ” ìŠµê´€ì„ ë“¤ì´ê³  ìˆì–´ìš”.,"https://plus.unsplash.com/premium_photo-1664300607508-f8fce5d434b4?q=80&w=3870&auto=format&fit=crop&ixlib=rb-4.1.0&ixid=M3wxMjA3fDB8MHxwaG90by1wYWdlfHx8fGVufDB8fHx8fA%3D%3D,https://images.unsplash.com/photo-1734873477108-6837b02f2b9d?q=80&w=3468&auto=format&fit=crop&ixlib=rb-4.1.0&ixid=M3wxMjA3fDB8MHxwaG90by1wYWdlfHx8fGVufDB8fHx8fA%3D%3D,https://plus.unsplash.com/premium_photo-1671028547976-4b1e3300a350?q=80&w=3870&auto=format&fit=crop&ixlib=rb-4.1.0&ixid=M3wxMjA3fDB8MHxwaG90by1wYWdlfHx8fGVufDB8fHx8fA%3D%3D",true,2025-06-02 18:55:07.469 +0900,2025-06-02 18:55:07.469 +0900
11,ã…‡ã…‡ã…‡,"123e4567-e89b-12d3-a456-426614170064",ê·¸ë¦½ ìƒˆë¡œ ìƒ€ëŠ”ë° ì°¸ ì¢‹ë„¤ìš”. ì—­ì‹œ ìš´ë™ì€ ì¥ë¹„ë¹¨!,https://images.unsplash.com/photo-1540497077202-7c8a3999166f?w=800&h=600&fit=crop,true,2025-06-02 18:55:07.469 +0900,2025-06-02 18:55:07.469 +0900
12,ì²˜ìŒ í—¬ìŠ¤ì¥ ë“±ë¡í–ˆìŠµë‹ˆë‹¤ !,"123e4567-e89b-12d3-a456-426614170085",ìƒˆë¡œ ìƒê¸´ í—¬ìŠ¤ì¥ì´ë¼ ê·¸ëŸ°ì§€ ê¹”ê¼¼í•˜ë„¤ìš” í•œ ë²ˆ ì—´ì‹¬íˆ í•´ë³´ê² ìŠµë‹ˆë‹¤. ğŸ”¥,"https://images.unsplash.com/photo-1574680096145-d05b474e2155?w=800&h=600&fit=crop,https://images.unsplash.com/photo-1549060279-7e168fcee0c2?w=800&h=600&fit=crop,https://images.unsplash.com/photo-1540497077202-7c8a3999166f?w=800&h=600&fit=crop",true,2025-06-02 18:55:07.469 +0900,2025-06-02 18:55:07.469 +0900
13,ìƒˆë²½ ëŸ¬ë‹ ì¸ì¦ìƒ· ğŸƒâ€â™‚ï¸,"123e4567-e89b-12d3-a456-426614170026",ìƒˆë²½ 6ì‹œ í•œê°• ëŸ¬ë‹ ì™„ë£Œ! ë§‘ì€ ê³µê¸°ì™€ í•¨ê»˜ í•˜ë£¨ë¥¼ ìƒì¾Œí•˜ê²Œ ì‹œì‘í–ˆì–´ìš”. ğŸŒ…,"https://images.unsplash.com/photo-1712634047253-e292abdff553?q=80&w=3089&auto=format&fit=crop&ixlib=rb-4.1.0&ixid=M3wxMjA3fDB8MHxwaG90by1wYWdlfHx8fGVufDB8fHx8fA%3D%3D,https://images.unsplash.com/photo-1552674605-db6ffd4facb5?w=800&h=600&fit=crop",true,2025-06-02 18:55:07.469 +0900,2025-06-02 18:55:07.469 +0900
14,ì˜¤ëŠ˜ì˜ ë°°ë“œë¯¼í„´ ê²½ê¸°,"123e4567-e89b-12d3-a456-426614170058",ì˜¤ëŠ˜ ê²½ê¸°ì—ì„œ ì•„ì‰½ê²Œ ì¡Œì§€ë§Œ ë‹¤ìŒì—” ê¼­ ì´ê¸°ê³  ì‹¶ì–´ìš”.,https://images.unsplash.com/photo-1720515226352-b0b1dec6813b?q=80&w=3987&auto=format&fit=crop&ixlib=rb-4.1.0&ixid=M3wxMjA3fDB8MHxwaG90by1wYWdlfHx8fGVufDB8fHx8fA%3D%3D,true,2025-06-02 18:55:07.469 +0900,2025-06-02 18:55:07.469 +0900
15,ë¯¸ì¹œ ì½”ì½”ë°¥ ì €ë‹¹ ë‚˜ì˜´,"123e4567-e89b-12d3-a456-426614170096",ì½”ì½”ë°¥ ì§„ì§œ ì¡´ë§›ì¸ë° í•­ìƒ ë‹¹ì´ ë§ì•„ì„œ êº¼ë ¸ëŠ”ë° ì´ë²ˆì— ì €ë‹¹ë²„ì „ ë‚˜ì™”ì–´ìš”!! ë‹¤ë“¤ ê¼­ ë¨¹ì–´ë³´ì‹œê¸¸!,"https://d2u3dcdbebyaiu.cloudfront.net/uploads/atch_img/491/6efb08ef03644b5b9015e88622b98c20_res.jpeg,https://images.unsplash.com/photo-1693996045300-521e9d08cabc?q=80&w=2940&auto=format&fit=crop&ixlib=rb-4.1.0&ixid=M3wxMjA3fDB8MHxwaG90by1wYWdlfHx8fGVufDB8fHx8fA%3D%3D,https://img.cjthemarket.com/images/file/product/490/20240411103339994.PNG?SF=webp&RS=550x550",true,2025-06-02 18:55:07.469 +0900,2025-06-02 18:55:07.469 +0900
16,ì˜¤ëŠ˜ì€ ì§‘ì—ì„œ í•„ë¼í…ŒìŠ¤,"123e4567-e89b-12d3-a456-426614170033","ì˜¤ëŠ˜ í•„ë¼í…ŒìŠ¤ì— ê°”ì–´ì•¼í–ˆëŠ”ë° ì‹œê°„ì„ ë†“ì³ì„œ,,ì§‘ì—ì„œ ì˜ìƒ ë³´ë©´ì„œ í•„ë¼í…ŒìŠ¤ í•´ë´…ë‹ˆë‹¹ ê·¸ë˜ë„ í™•ì‹¤íˆ ê°€ì„œí•´ì•¼ ì‹œì›í•œ ëŠë‚Œì´ ìˆì–´ìš”..",https://plus.unsplash.com/premium_photo-1671028547976-4b1e3300a350?q=80&w=2940&auto=format&fit=crop&ixlib=rb-4.1.0&ixid=M3wxMjA3fDB8MHxwaG90by1wYWdlfHx8fGVufDB8fHx8fA%3D%3D,true,2025-06-02 18:55:07.469 +0900,2025-06-02 18:55:07.469 +0900
17,í´ë¼ì´ë° ì²« ë„ì „ê¸°,"123e4567-e89b-12d3-a456-426614170040",í´ë¼ì´ë°ì— ì²« ë„ì „í–ˆëŠ”ë° ìƒê°ë³´ë‹¤ ì–´ë µë„¤ìš”. í•˜ì§€ë§Œ ì •ë§ ì¬ë¯¸ìˆê³  ì„±ì·¨ê°ì´ í½ë‹ˆë‹¤!,"https://plus.unsplash.com/premium_photo-1683380297191-dcb78d5712ee?q=80&w=3930&auto=format&fit=crop&ixlib=rb-4.1.0&ixid=M3wxMjA3fDB8MHxwaG90by1wYWdlfHx8fGVufDB8fHx8fA%3D%3D,https://plus.unsplash.com/premium_photo-1683380296123-cc7b39d70827?q=80&w=3874&auto=format&fit=crop&ixlib=rb-4.1.0&ixid=M3wxMjA3fDB8MHxwaG90by1wYWdlfHx8fGVufDB8fHx8fA%3D%3D",true,2025-06-02 18:55:07.469 +0900,2025-06-02 18:55:07.469 +0900
18,ã…‡ã…‡ã…‡,"123e4567-e89b-12d3-a456-426614170061",ê·¸ë¦½ ìƒˆë¡œ ìƒ€ëŠ”ë° ì°¸ ì¢‹ë„¤ìš”. ì—­ì‹œ ìš´ë™ì€ ì¥ë¹„ë¹¨!,"https://images.unsplash.com/photo-1540497077202-7c8a3999166f?w=800&h=600&fit=crop,https://images.unsplash.com/photo-1574680096145-d05b474e2155?w=800&h=600&fit=crop",true,2025-06-01 18:55:07.469 +0900,2025-06-01 18:55:07.469 +0900
19,ëŸ¬ë‹ìœ¼ë¡œ ìƒì¾Œí•œ í•˜ë£¨,"123e4567-e89b-12d3-a456-426614170064",ëŸ¬ë‹ìœ¼ë¡œ ìŠ¤íŠ¸ë ˆìŠ¤ë¥¼ ë‚ ë ¤ë²„ë ¸ìŠµë‹ˆë‹¤.,https://images.unsplash.com/photo-1552674605-db6ffd4facb5?w=800&h=600&fit=crop,true,2025-06-01 18:55:07.469 +0900,2025-06-01 18:55:07.469 +0900
20,í…Œë‹ˆìŠ¤ ì—°ìŠµ ì¼ì§€,"123e4567-e89b-12d3-a456-426614170055",ë§¤ì¼ ì—°ìŠµí•˜ë©° ì‹¤ë ¥ì´ ì¡°ê¸ˆì”© ëŠ˜ê³  ìˆìŠµë‹ˆë‹¤.,"https://images.unsplash.com/photo-1530915534664-4ac6423816b7?q=80&w=3870&auto=format&fit=crop&ixlib=rb-4.1.0&ixid=M3wxMjA3fDB8MHxwaG90by1wYWdlfHx8fGVufDB8fHx8fA%3D%3D,https://images.unsplash.com/photo-1545151414-8a948e1ea54f?q=80&w=3456&auto=format&fit=crop&ixlib=rb-4.1.0&ixid=M3wxMjA3fDB8MHxwaG90by1wYWdlfHx8fGVufDB8fHx8fA%3D%3D,https://images.unsplash.com/photo-1595435742656-5272d0b3fa82?q=80&w=3928&auto=format&fit=crop&ixlib=rb-4.1.0&ixid=M3wxMjA3fDB8MHxwaG90by1wYWdlfHx8fGVufDB8fHx8fA%3D%3D",true,2025-06-01 18:55:07.469 +0900,2025-06-01 18:55:07.469 +0900
21,ì˜¤ìˆ˜ì™„,"123e4567-e89b-12d3-a456-426614170037",ì˜¤ëŠ˜ ìˆ˜ì˜ ì™„ë£Œí–ˆìŠµë‹ˆë‹¤! ìˆ˜ì˜ì¥ê¹Œì§€ ê°€ëŠ”ê²Œ í˜ë“¤ì§€ë§Œ ìˆ˜ì˜ ëë‚˜ë©´ ì§„ì§œ ë¿Œë“¯ã…ã…,https://www.esongpa.or.kr/common/image/facility/facility1_1.jpg,true,2025-06-01 18:55:07.469 +0900,2025-06-01 18:55:07.469 +0900
22,ë«í’€ë‹¤ìš´ í•´ë³´ëŠ”ë° ìš´ë™ìì„¸ ì´ê±° ë§ì•„ìš”?,"123e4567-e89b-12d3-a456-426614170015",í—¬ìŠ¤ ê³ ìˆ˜ë¶„ë“¤ ë„ì™€ì£¼ì„¸ìš” ã… ã… ,"https://images.unsplash.com/photo-1574680096145-d05b474e2155?w=800&h=600&fit=crop,https://images.unsplash.com/photo-1571731956672-f2b94d7dd0cb?w=800&h=600&fit=crop",true,2025-05-31 18:55:07.469 +0900,2025-05-31 18:55:07.469 +0900
23,í•˜ëŠ˜ì„ ë³´ì,"123e4567-e89b-12d3-a456-426614170030",ì—­ì‹œ ì‚¬ëŒì€ í•˜ëŠ˜ì„ ë³´ê³  ì‚´ì•„ì•¼í•˜ë‚˜ë´ìš”. ì˜¤ëœë§Œì— ì•¼ì™¸ì—ì„œ ìš”ê°€í•˜ë‹ˆê¹Œ ì°¸ ê¸°ë¶„ì´ê°€ ì¢‹ë„¤ìš”.,"https://images.unsplash.com/photo-1544367567-0f2fcb009e0b?w=800&h=600&fit=crop,https://images.unsplash.com/photo-1552196563-55cd4e45efb3?q=80&w=3852&auto=format&fit=crop&ixlib=rb-4.1.0&ixid=M3wxMjA3fDB8MHxwaG90by1wYWdlfHx8fGVufDB8fHx8fA%3D%3D",true,2025-05-31 18:55:07.469 +0900,2025-05-31 18:55:07.469 +0900
24,ìƒˆë²½ ëŸ¬ë‹ ì¸ì¦ìƒ· ğŸƒâ€â™‚ï¸,"123e4567-e89b-12d3-a456-426614170019",ìƒˆë²½ 6ì‹œ í•œê°• ëŸ¬ë‹ ì™„ë£Œ! ë§‘ì€ ê³µê¸°ì™€ í•¨ê»˜ í•˜ë£¨ë¥¼ ìƒì¾Œí•˜ê²Œ ì‹œì‘í–ˆì–´ìš”. ğŸŒ…,"https://images.unsplash.com/photo-1552674605-db6ffd4facb5?w=800&h=600&fit=crop,https://images.unsplash.com/photo-1712634047253-e292abdff553?q=80&w=3089&auto=format&fit=crop&ixlib=rb-4.1.0&ixid=M3wxMjA3fDB8MHxwaG90by1wYWdlfHx8fGVufDB8fHx8fA%3D%3D",true,2025-05-31 18:55:07.469 +0900,2025-05-31 18:55:07.469 +0900
25,ë‹¤ì´ì–´íŠ¸ ë ˆì‹œí”¼ ì¶”ì²œ,"123e4567-e89b-12d3-a456-426614170046",ë‹¤ì´ì–´íŠ¸ì— ì¢‹ì€ ë ˆì‹œí”¼ë¥¼ ì¶”ì²œí•©ë‹ˆë‹¤.,"https://images.unsplash.com/photo-1561320637-607b6b19f493?q=80&w=3987&auto=format&fit=crop&ixlib=rb-4.1.0&ixid=M3wxMjA3fDB8MHxwaG90by1wYWdlfHx8fGVufDB8fHx8fA%3D%3D,https://images.unsplash.com/photo-1587996597484-04743eeb56b4?q=80&w=3987&auto=format&fit=crop&ixlib=rb-4.1.0&ixid=M3wxMjA3fDB8MHxwaG90by1wYWdlfHx8fGVufDB8fHx8fA%3D%3D,https://plus.unsplash.com/premium_photo-1663852296872-51c74244d487?q=80&w=3963&auto=format&fit=crop&ixlib=rb-4.1.0&ixid=M3wxMjA3fDB8MHxwaG90by1wYWdlfHx8fGVufDB8fHx8fA%3D%3D",true,2025-05-31 18:55:07.469 +0900,2025-05-31 18:55:07.469 +0900
26,ë©ë©ì´ì™€ í•¨ê»˜ ìˆ˜ì˜~,"123e4567-e89b-12d3-a456-426614170037",ì˜¤ëŠ˜ì€ ì €í¬ ì§‘ ë©ë©ì´ì™€ í•¨ê»˜ ìˆ˜ì˜ì„ í•´ë´¤ì”ë‹ˆë‹¤~ ê°™ì´ ìˆ˜ì˜í•˜ë‹ˆ ë” ì¬ë°Œë„¤ìš” ,https://cdn.news.hidoc.co.kr/news/photo/201905/19279_45881_0658.jpg,true,2025-05-31 18:55:07.469 +0900,2025-05-31 18:55:07.469 +0900
27,ì‹¤ë‚´ í´ë¼ì´ë°ì¥ì— ë‹¤ë…€ì™”ì–´ìš”,"123e4567-e89b-12d3-a456-426614170040",í™•ì‹¤íˆ í´ë¼ì´ë°í•˜ê³  ë‚˜ë©´ ì˜¨ëª¸ì´ ì•„íŒŒìš”.. ë‚´ì¼ì€ ì‰¬ì–´ì•¼ê² ìŠµë‹ˆë‹¤ ã… ,"https://images.unsplash.com/photo-1601224748193-d24f166b5c77?w=800&h=600&fit=crop,https://images.unsplash.com/photo-1683009427041-d810728a7cb6?q=80&w=3623&auto=format&fit=crop&ixlib=rb-4.1.0&ixid=M3wxMjA3fDB8MHxwaG90by1wYWdlfHx8fGVufDB8fHx8fA%3D%3D,https://plus.unsplash.com/premium_photo-1683380296123-cc7b39d70827?q=80&w=3874&auto=format&fit=crop&ixlib=rb-4.1.0&ixid=M3wxMjA3fDB8MHxwaG90by1wYWdlfHx8fGVufDB8fHx8fA%3D%3D",false,2025-05-31 18:55:07.469 +0900,2025-05-31 18:55:07.469 +0900
28,ì§‘ì—ì„œ í•˜ëŠ” ì „ì‹ ìš´ë™,"123e4567-e89b-12d3-a456-426614170011",ê°„ë‹¨í•œ ë™ì‘ìœ¼ë¡œë„ ì¶©ë¶„íˆ ìš´ë™ íš¨ê³¼ë¥¼ ë³¼ ìˆ˜ ìˆë„¤ìš”.,"https://images.unsplash.com/photo-1571019613454-1cb2f99b2d8b?w=800&h=600&fit=crop,https://plus.unsplash.com/premium_photo-1664476325264-f1dab37eaa7a?q=80&w=3871&auto=format&fit=crop&ixlib=rb-4.1.0&ixid=M3wxMjA3fDB8MHxwaG90by1wYWdlfHx8fGVufDB8fHx8fA%3D%3D,https://images.unsplash.com/photo-1734873477108-6837b02f2b9d?q=80&w=3468&auto=format&fit=crop&ixlib=rb-4.1.0&ixid=M3wxMjA3fDB8MHxwaG90by1wYWdlfHx8fGVufDB8fHx8fA%3D%3D",true,2025-05-30 18:55:07.469 +0900,2025-05-30 18:55:07.469 +0900
29,ã…‡ã…‡ã…‡,"123e4567-e89b-12d3-a456-426614170075",ê·¸ë¦½ ìƒˆë¡œ ìƒ€ëŠ”ë° ì°¸ ì¢‹ë„¤ìš”. ì—­ì‹œ ìš´ë™ì€ ì¥ë¹„ë¹¨!,"https://images.unsplash.com/photo-1540497077202-7c8a3999166f?w=800&h=600&fit=crop,https://images.unsplash.com/photo-1549060279-7e168fcee0c2?w=800&h=600&fit=crop,https://images.unsplash.com/photo-1605296867424-35fc25c9212a?w=800&h=600&fit=crop",true,2025-05-30 18:55:07.469 +0900,2025-05-30 18:55:07.469 +0900
30,ìš´ë™ë³µ ì½”ë”” ì¶”ì²œ,"123e4567-e89b-12d3-a456-426614170096",ìš´ë™í•  ë•Œ ì…ê¸° ì¢‹ì€ ìš´ë™ë³µ ì½”ë””ë¥¼ ì¶”ì²œí•©ë‹ˆë‹¤. ê¸°ëŠ¥ì„±ê³¼ ìŠ¤íƒ€ì¼ì„ ëª¨ë‘ ì¡ì•˜ì–´ìš”!,"https://images.unsplash.com/photo-1512374382149-233c42b6a83b?w=800&h=600&fit=crop,https://images.unsplash.com/photo-1593419528756-3cdfa1615b86?q=80&w=2667&auto=format&fit=crop&ixlib=rb-4.1.0&ixid=M3wxMjA3fDB8MHxwaG90by1wYWdlfHx8fGVufDB8fHx8fA%3D%3D",true,2025-05-30 18:55:07.469 +0900,2025-05-30 18:55:07.469 +0900
31,ë¼ì´ë”© ì½”ìŠ¤ íƒë°©,"123e4567-e89b-12d3-a456-426614170023",ìƒˆë¡œìš´ ë¼ì´ë”© ì½”ìŠ¤ë¥¼ íƒë°©í–ˆìŠµë‹ˆë‹¤.,https://images.unsplash.com/photo-1598371391798-5a4a7e8b1393?q=80&w=3221&auto=format&fit=crop&ixlib=rb-4.1.0&ixid=M3wxMjA3fDB8MHxwaG90by1wYWdlfHx8fGVufDB8fHx8fA%3D%3D,true,2025-05-30 18:55:07.469 +0900,2025-05-30 18:55:07.469 +0900
32,í™ˆíŠ¸ë ˆì´ë‹ 30ì¼ ë„ì „ ì‹œì‘!,"123e4567-e89b-12d3-a456-426614170075",í™ˆíŠ¸ë ˆì´ë‹ 30ì¼ ë„ì „ì„ ì‹œì‘í–ˆìŠµë‹ˆë‹¤. ì§‘ì—ì„œë„ ì¶©ë¶„íˆ ì¢‹ì€ ìš´ë™ì´ ê°€ëŠ¥í•˜ë‹¤ëŠ” ê±¸ ë³´ì—¬ë“œë¦´ê²Œìš”!,"https://plus.unsplash.com/premium_photo-1664476325264-f1dab37eaa7a?q=80&w=3871&auto=format&fit=crop&ixlib=rb-4.1.0&ixid=M3wxMjA3fDB8MHxwaG90by1wYWdlfHx8fGVufDB8fHx8fA%3D%3D,https://plus.unsplash.com/premium_photo-1664300607508-f8fce5d434b4?q=80&w=3870&auto=format&fit=crop&ixlib=rb-4.1.0&ixid=M3wxMjA3fDB8MHxwaG90by1wYWdlfHx8fGVufDB8fHx8fA%3D%3D",true,2025-05-29 18:55:07.469 +0900,2025-05-29 18:55:07.469 +0900
33,ë«í’€ë‹¤ìš´ í•´ë³´ëŠ”ë° ìš´ë™ìì„¸ ì´ê±° ë§ì•„ìš”?,"123e4567-e89b-12d3-a456-426614170075",í—¬ìŠ¤ ê³ ìˆ˜ë¶„ë“¤ ë„ì™€ì£¼ì„¸ìš” ã… ã… ,"https://images.unsplash.com/photo-1571731956672-f2b94d7dd0cb?w=800&h=600&fit=crop,https://images.unsplash.com/photo-1574680096145-d05b474e2155?w=800&h=600&fit=crop",true,2025-05-29 18:55:07.469 +0900,2025-05-29 18:55:07.469 +0900
34,ì›¨ì´íŠ¸ íŠ¸ë ˆì´ë‹ ë£¨í‹´ ì¶”ì²œë°›ì•„ìš”,"123e4567-e89b-12d3-a456-426614170085",ì˜¤ëŠ˜ì€ í•˜ì²´ ìœ„ì£¼ë¡œ ì›¨ì´íŠ¸ë¥¼ í–ˆìŠµë‹ˆë‹¤. ë‹¤ë“¤ ì–´ë–¤ì‹ìœ¼ë¡œ ìš´ë™ ë£¨í‹´ì„ ì§œì‹œë‚˜ìš”?,"https://images.unsplash.com/photo-1540497077202-7c8a3999166f?w=800&h=600&fit=crop,https://images.unsplash.com/photo-1574680096145-d05b474e2155?w=800&h=600&fit=crop",true,2025-05-29 18:55:07.469 +0900,2025-05-29 18:55:07.469 +0900
35,ìƒˆë²½ ëŸ¬ë‹ ì¸ì¦ìƒ· ğŸƒâ€â™‚ï¸,"123e4567-e89b-12d3-a456-426614170064",ìƒˆë²½ 6ì‹œ í•œê°• ëŸ¬ë‹ ì™„ë£Œ! ë§‘ì€ ê³µê¸°ì™€ í•¨ê»˜ í•˜ë£¨ë¥¼ ìƒì¾Œí•˜ê²Œ ì‹œì‘í–ˆì–´ìš”. ğŸŒ…,"https://images.unsplash.com/photo-1712634047253-e292abdff553?q=80&w=3089&auto=format&fit=crop&ixlib=rb-4.1.0&ixid=M3wxMjA3fDB8MHxwaG90by1wYWdlfHx8fGVufDB8fHx8fA%3D%3D,https://images.unsplash.com/photo-1552674605-db6ffd4facb5?w=800&h=600&fit=crop",true,2025-05-29 18:55:07.469 +0900,2025-05-29 18:55:07.469 +0900
52,í™ˆíŠ¸ë¡œ ì²´ë ¥ ê¸°ë¥´ê¸°,"123e4567-e89b-12d3-a456-426614170075",í™ˆíŠ¸ë¡œ ì²´ë ¥ì´ ì ì  ì¢‹ì•„ì§€ëŠ” ê²Œ ëŠê»´ì§‘ë‹ˆë‹¤.,https://plus.unsplash.com/premium_photo-1664300607508-f8fce5d434b4?q=80&w=3870&auto=format&fit=crop&ixlib=rb-4.1.0&ixid=M3wxMjA3fDB8MHxwaG90by1wYWdlfHx8fGVufDB8fHx8fA%3D%3D,true,2025-05-24 18:55:07.469 +0900,2025-05-24 18:55:07.469 +0900
36,ë°°ë“œë¯¼í„´ ë¼ì¼“ ì¶”ì²œ,"123e4567-e89b-12d3-a456-426614170058",ìƒˆë¡œìš´ ë¼ì¼“ì„ ìƒ€ëŠ”ë° ì •ë§ ê°€ë³ê³  ì¢‹ì•„ìš”.,"https://plus.unsplash.com/premium_photo-1664303134673-7a073bf3fb54?q=80&w=3691&auto=format&fit=crop&ixlib=rb-4.1.0&ixid=M3wxMjA3fDB8MHxwaG90by1wYWdlfHx8fGVufDB8fHx8fA%3D%3D,https://images.unsplash.com/photo-1687597778602-624a9438fe0b?q=80&w=3456&auto=format&fit=crop&ixlib=rb-4.1.0&ixid=M3wxMjA3fDB8MHxwaG90by1wYWdlfHx8fGVufDB8fHx8fA%3D%3D",true,2025-05-29 18:55:07.469 +0900,2025-05-29 18:55:07.469 +0900
37,ë‚¨ìí•œí…Œë„ í•„ë¼í…ŒìŠ¤ëŠ” ì§„ì§œ ì¢‹ìœ¼ë„¤ìš”..,"123e4567-e89b-12d3-a456-426614170033",ê·¸ë£¹ ìˆ˜ì—…ì— ì €ë§Œ ë‚¨ìì´ì§€ë§Œ..ê·¸ë˜ë„ ë‹¤ë“¤ ì˜í•´ì£¼ì…”ì„œ ì¢‹ìœ¼ë„¤ìš”..ì—¬ê¸° ì„ ìƒë‹˜ì´ ê·¸ë£¹ì´ì–´ë„ í•œ ëª…ì”© ê¼¼ê¼¼í•˜ê²Œ ì˜ ë´ì£¼ì‹œë„¤ìš”!,"https://images.unsplash.com/photo-1717500252573-d31d4bf5ddf1?q=80&w=2940&auto=format&fit=crop&ixlib=rb-4.1.0&ixid=M3wxMjA3fDB8MHxwaG90by1wYWdlfHx8fGVufDB8fHx8fA%3D%3D,https://images.unsplash.com/photo-1717500250901-9f4c8bd96a9d?q=80&w=3087&auto=format&fit=crop&ixlib=rb-4.1.0&ixid=M3wxMjA3fDB8MHxwaG90by1wYWdlfHx8fGVufDB8fHx8fA%3D%3D,https://plus.unsplash.com/premium_photo-1674675646706-8468e673b74a?q=80&w=3087&auto=format&fit=crop&ixlib=rb-4.1.0&ixid=M3wxMjA3fDB8MHxwaG90by1wYWdlfHx8fGVufDB8fHx8fA%3D%3D",true,2025-05-29 18:55:07.469 +0900,2025-05-29 18:55:07.469 +0900
38,í¬ë¡œìŠ¤í• ì²« ìˆ˜ì—… í›„ê¸°,"123e4567-e89b-12d3-a456-426614170043",í¬ë¡œìŠ¤í• ì²« ìˆ˜ì—…ì„ ë“¤ì—ˆëŠ”ë° ì •ë§ í˜ë“¤ì§€ë§Œ ì „ì‹  ìš´ë™ íš¨ê³¼ê°€ ëŒ€ë‹¨í•˜ë„¤ìš”!,"https://images.unsplash.com/photo-1639504031765-ca21aecb7252?q=80&w=3870&auto=format&fit=crop&ixlib=rb-4.1.0&ixid=M3wxMjA3fDB8MHxwaG90by1wYWdlfHx8fGVufDB8fHx8fA%3D%3D,https://plus.unsplash.com/premium_photo-1664109999840-3f7e97489e53?q=80&w=3870&auto=format&fit=crop&ixlib=rb-4.1.0&ixid=M3wxMjA3fDB8MHxwaG90by1wYWdlfHx8fGVufDB8fHx8fA%3D%3D,https://images.unsplash.com/photo-1632758243488-7e6f9173cfa1?q=80&w=3648&auto=format&fit=crop&ixlib=rb-4.1.0&ixid=M3wxMjA3fDB8MHxwaG90by1wYWdlfHx8fGVufDB8fHx8fA%3D%3D",true,2025-05-28 18:55:07.469 +0900,2025-05-28 18:55:07.469 +0900
39,í¬ë¡œìŠ¤í• ë°•ìŠ¤ ë°©ë¬¸ê¸°,"123e4567-e89b-12d3-a456-426614170043",ìƒˆë¡œìš´ í¬ë¡œìŠ¤í• ë°•ìŠ¤ë¥¼ ë°©ë¬¸í•´ë´¤ìŠµë‹ˆë‹¤. ë¶„ìœ„ê¸°ê°€ ì •ë§ ì¢‹ë„¤ìš”.,"https://images.unsplash.com/photo-1632758243488-7e6f9173cfa1?q=80&w=3648&auto=format&fit=crop&ixlib=rb-4.1.0&ixid=M3wxMjA3fDB8MHxwaG90by1wYWdlfHx8fGVufDB8fHx8fA%3D%3D,https://images.unsplash.com/photo-1639504031765-ca21aecb7252?q=80&w=3870&auto=format&fit=crop&ixlib=rb-4.1.0&ixid=M3wxMjA3fDB8MHxwaG90by1wYWdlfHx8fGVufDB8fHx8fA%3D%3D",true,2025-05-28 18:55:07.469 +0900,2025-05-28 18:55:07.469 +0900
40,ìš´ë™ ì „í›„ ìŠ¤íŠ¸ë ˆì¹­,"123e4567-e89b-12d3-a456-426614170085",ìš´ë™ ì „í›„ ìŠ¤íŠ¸ë ˆì¹­ì„ ê¼­ í•´ì¤˜ì•¼í•´ìš”! ë¶€ìƒ ì˜ˆë°©ì— ê¼­ í•„ìš”í•´ìš”. í•œ ë²ˆ ë‹¤ì³ë´ì„œ... ê·¸ ì´í›„ë¡œëŠ” ê¾¸ì¤€í•˜ê²Œ í•˜ê³  ìˆì–´ìš” ã…,https://plus.unsplash.com/premium_photo-1682434735853-4c385a795f87?w=800&h=600&auto=format&fit=crop&ixlib=rb-4.1.0&ixid=M3wxMjA3fDB8MHxwaG90by1wYWdlfHx8fGVufDB8fHx8fA%3D%3D,true,2025-05-28 18:55:07.469 +0900,2025-05-28 18:55:07.469 +0900
41,í™ˆíŠ¸ë¡œ ì²´ë ¥ ê¸°ë¥´ê¸°,"123e4567-e89b-12d3-a456-426614170064",í™ˆíŠ¸ë¡œ ì²´ë ¥ì´ ì ì  ì¢‹ì•„ì§€ëŠ” ê²Œ ëŠê»´ì§‘ë‹ˆë‹¤.,"https://plus.unsplash.com/premium_photo-1664300607508-f8fce5d434b4?q=80&w=3870&auto=format&fit=crop&ixlib=rb-4.1.0&ixid=M3wxMjA3fDB8MHxwaG90by1wYWdlfHx8fGVufDB8fHx8fA%3D%3D,https://images.unsplash.com/photo-1734873477108-6837b02f2b9d?q=80&w=3468&auto=format&fit=crop&ixlib=rb-4.1.0&ixid=M3wxMjA3fDB8MHxwaG90by1wYWdlfHx8fGVufDB8fHx8fA%3D%3D",true,2025-05-27 18:55:07.469 +0900,2025-05-27 18:55:07.469 +0900
42,í•˜ëŠ˜ì„ ë³´ì,"123e4567-e89b-12d3-a456-426614170075",ì—­ì‹œ ì‚¬ëŒì€ í•˜ëŠ˜ì„ ë³´ê³  ì‚´ì•„ì•¼í•˜ë‚˜ë´ìš”. ì˜¤ëœë§Œì— ì•¼ì™¸ì—ì„œ ìš”ê°€í•˜ë‹ˆê¹Œ ì°¸ ê¸°ë¶„ì´ê°€ ì¢‹ë„¤ìš”.,"https://images.unsplash.com/photo-1575052814086-f385e2e2ad1b?w=800&h=600&fit=crop,https://images.unsplash.com/photo-1544367567-0f2fcb009e0b?w=800&h=600&fit=crop,https://images.unsplash.com/photo-1552196563-55cd4e45efb3?q=80&w=3852&auto=format&fit=crop&ixlib=rb-4.1.0&ixid=M3wxMjA3fDB8MHxwaG90by1wYWdlfHx8fGVufDB8fHx8fA%3D%3D",true,2025-05-27 18:55:07.469 +0900,2025-05-27 18:55:07.469 +0900
43,í¬ë¡œìŠ¤í• íŒ€ì›Œí¬ í›ˆë ¨,"123e4567-e89b-12d3-a456-426614170096",íŒ€ì›ë“¤ê³¼ í•¨ê»˜í•˜ëŠ” í¬ë¡œìŠ¤í• í›ˆë ¨ì´ ì •ë§ ì¬ë°Œì—ˆìŠµë‹ˆë‹¤.,"https://plus.unsplash.com/premium_photo-1664109999840-3f7e97489e53?q=80&w=3870&auto=format&fit=crop&ixlib=rb-4.1.0&ixid=M3wxMjA3fDB8MHxwaG90by1wYWdlfHx8fGVufDB8fHx8fA%3D%3D,https://images.unsplash.com/photo-1601422407692-ec4eeec1d9b3?q=80&w=3850&auto=format&fit=crop&ixlib=rb-4.1.0&ixid=M3wxMjA3fDB8MHxwaG90by1wYWdlfHx8fGVufDB8fHx8fA%3D%3D,https://images.unsplash.com/photo-1632758243488-7e6f9173cfa1?q=80&w=3648&auto=format&fit=crop&ixlib=rb-4.1.0&ixid=M3wxMjA3fDB8MHxwaG90by1wYWdlfHx8fGVufDB8fHx8fA%3D%3D",true,2025-05-27 18:55:07.469 +0900,2025-05-27 18:55:07.469 +0900
44,ì§‘ì—ì„œ í•˜ëŠ” ì „ì‹ ìš´ë™,"123e4567-e89b-12d3-a456-426614170000",ê°„ë‹¨í•œ ë™ì‘ìœ¼ë¡œë„ ì¶©ë¶„íˆ ìš´ë™ íš¨ê³¼ë¥¼ ë³¼ ìˆ˜ ìˆë„¤ìš”.,"https://images.unsplash.com/photo-1571019613454-1cb2f99b2d8b?w=800&h=600&fit=crop,https://plus.unsplash.com/premium_photo-1664300607508-f8fce5d434b4?q=80&w=3870&auto=format&fit=crop&ixlib=rb-4.1.0&ixid=M3wxMjA3fDB8MHxwaG90by1wYWdlfHx8fGVufDB8fHx8fA%3D%3D",true,2025-05-26 18:55:07.469 +0900,2025-05-26 18:55:07.469 +0900
45,ì˜¤ìš´ì™„,"123e4567-e89b-12d3-a456-426614170015",ë§¤ì¼ í„±ê±¸ì´ í•˜ê³  ìˆëŠ”ë° ì˜¤ëŠ˜ë”°ë¼ ì˜ ì•ˆë˜ë„¤ìš”.. ê·¸ë˜ë„ ì˜¤ëŠ˜ ìš´ë™ ì¸ì¦í–ˆìŠµë‹ˆë‹¤.,"https://images.unsplash.com/photo-1540497077202-7c8a3999166f?w=800&h=600&fit=crop,https://images.unsplash.com/photo-1574680096145-d05b474e2155?w=800&h=600&fit=crop",true,2025-05-26 18:55:07.469 +0900,2025-05-26 18:55:07.469 +0900
46,í•´ìˆ˜ìš•ì¥ì—ì„œ ìš”ê°€,"123e4567-e89b-12d3-a456-426614170075",íŒŒë„ì†Œë¦¬ ë“¤ìœ¼ë©´ì„œ íë§í–ˆì–´ìš” ã…ã…,"https://images.unsplash.com/photo-1575052814086-f385e2e2ad1b?w=800&h=600&fit=crop,https://images.unsplash.com/photo-1544367567-0f2fcb009e0b?w=800&h=600&fit=crop,https://images.unsplash.com/photo-1545389336-cf090694435e?q=80&w=3667&auto=format&fit=crop&ixlib=rb-4.1.0&ixid=M3wxMjA3fDB8MHxwaG90by1wYWdlfHx8fGVufDB8fHx8fA%3D%3D",true,2025-05-26 18:55:07.469 +0900,2025-05-26 18:55:07.469 +0900
47,í¬ë¡œìŠ¤í• WOD ë„ì „,"123e4567-e89b-12d3-a456-426614170096",ì˜¤ëŠ˜ì˜ WOD(Workout of the Day)ì— ë„ì „í–ˆìŠµë‹ˆë‹¤. ë•€ì´ ë¹„ ì˜¤ë“¯!,"https://plus.unsplash.com/premium_photo-1664109999840-3f7e97489e53?q=80&w=3870&auto=format&fit=crop&ixlib=rb-4.1.0&ixid=M3wxMjA3fDB8MHxwaG90by1wYWdlfHx8fGVufDB8fHx8fA%3D%3D,https://images.unsplash.com/photo-1639504031765-ca21aecb7252?q=80&w=3870&auto=format&fit=crop&ixlib=rb-4.1.0&ixid=M3wxMjA3fDB8MHxwaG90by1wYWdlfHx8fGVufDB8fHx8fA%3D%3D",true,2025-05-26 18:55:07.469 +0900,2025-05-26 18:55:07.469 +0900
48,ê°•ì•„ì§€ ì‚°ì±… ê¿€íŒ ê³µìœ ,"123e4567-e89b-12d3-a456-426614170023",ê°•ì•„ì§€ ì‚°ì±…ì—ëŠ” ì—­ì‹œ ìì „ê±°ê°€ ì œì¼ ã…‹ã…‹,"https://images.unsplash.com/photo-1632050592122-6b730e1ac63f?q=80&w=1843&auto=format&fit=crop&ixlib=rb-4.1.0&ixid=M3wxMjA3fDB8MHxwaG90by1wYWdlfHx8fGVufDB8fHx8fA%3D%3D,https://plus.unsplash.com/premium_photo-1685207267343-1c8852b45575?w=800&h=600&auto=format&fit=crop&ixlib=rb-4.1.0&ixid=M3wxMjA3fDB8MHxwaG90by1wYWdlfHx8fGVufDB8fHx8fA%3D%3D",true,2025-05-26 18:55:07.469 +0900,2025-05-26 18:55:07.469 +0900
49,í™ˆíŠ¸ë ˆì´ë‹ 30ì¼ ë„ì „ ì‹œì‘!,"123e4567-e89b-12d3-a456-426614170011",í™ˆíŠ¸ë ˆì´ë‹ 30ì¼ ë„ì „ì„ ì‹œì‘í–ˆìŠµë‹ˆë‹¤. ì§‘ì—ì„œë„ ì¶©ë¶„íˆ ì¢‹ì€ ìš´ë™ì´ ê°€ëŠ¥í•˜ë‹¤ëŠ” ê±¸ ë³´ì—¬ë“œë¦´ê²Œìš”!,https://plus.unsplash.com/premium_photo-1671028547976-4b1e3300a350?q=80&w=3870&auto=format&fit=crop&ixlib=rb-4.1.0&ixid=M3wxMjA3fDB8MHxwaG90by1wYWdlfHx8fGVufDB8fHx8fA%3D%3D,true,2025-05-25 18:55:07.469 +0900,2025-05-25 18:55:07.469 +0900
50,ì²˜ìŒ í—¬ìŠ¤ì¥ ë“±ë¡í–ˆìŠµë‹ˆë‹¤ !,"123e4567-e89b-12d3-a456-426614170075",ìƒˆë¡œ ìƒê¸´ í—¬ìŠ¤ì¥ì´ë¼ ê·¸ëŸ°ì§€ ê¹”ê¼¼í•˜ë„¤ìš” í•œ ë²ˆ ì—´ì‹¬íˆ í•´ë³´ê² ìŠµë‹ˆë‹¤. ğŸ”¥,https://images.unsplash.com/photo-1549060279-7e168fcee0c2?w=800&h=600&fit=crop,false,2025-05-25 18:55:07.469 +0900,2025-05-25 18:55:07.469 +0900
51,í”„ë¡œí‹´ ë§› ë¦¬ë·°,"123e4567-e89b-12d3-a456-426614170096",ìƒˆë¡œ ì‚° í”„ë¡œí‹´ì˜ ë§›ì„ ë¦¬ë·°í•´ë´…ë‹ˆë‹¤. ì´ ë§›ì€ ì •ë§ ì¶”ì²œí•˜ê³  ì‹¶ì–´ìš”!,"https://images.unsplash.com/photo-1693996045300-521e9d08cabc?q=80&w=2940&auto=format&fit=crop&ixlib=rb-4.1.0&ixid=M3wxMjA3fDB8MHxwaG90by1wYWdlfHx8fGVufDB8fHx8fA%3D%3D,https://img.cjthemarket.com/images/file/product/490/20240411103339994.PNG?SF=webp&RS=550x550",true,2025-05-25 18:55:07.469 +0900,2025-05-25 18:55:07.469 +0900
53,ì›¨ì´íŠ¸ íŠ¸ë ˆì´ë‹ ë£¨í‹´ ì¶”ì²œë°›ì•„ìš”,"123e4567-e89b-12d3-a456-426614170061",ì˜¤ëŠ˜ì€ í•˜ì²´ ìœ„ì£¼ë¡œ ì›¨ì´íŠ¸ë¥¼ í–ˆìŠµë‹ˆë‹¤. ë‹¤ë“¤ ì–´ë–¤ì‹ìœ¼ë¡œ ìš´ë™ ë£¨í‹´ì„ ì§œì‹œë‚˜ìš”?,"https://images.unsplash.com/photo-1574680096145-d05b474e2155?w=800&h=600&fit=crop,https://images.unsplash.com/photo-1540497077202-7c8a3999166f?w=800&h=600&fit=crop,https://images.unsplash.com/photo-1571731956672-f2b94d7dd0cb?w=800&h=600&fit=crop",true,2025-05-24 18:55:07.469 +0900,2025-05-24 18:55:07.469 +0900
54,í¬ë¡œìŠ¤í•ìœ¼ë¡œ ì „ì‹ ìš´ë™,"123e4567-e89b-12d3-a456-426614170043",í¬ë¡œìŠ¤í•ìœ¼ë¡œ ì „ì‹ ìš´ë™ì„ í•˜ë‹ˆ ëª¸ì´ ê°œìš´í•´ì¡Œì–´ìš”.,"https://plus.unsplash.com/premium_photo-1661576743827-7f4dc8713fd8?q=80&w=3987&auto=format&fit=crop&ixlib=rb-4.1.0&ixid=M3wxMjA3fDB8MHxwaG90by1wYWdlfHx8fGVufDB8fHx8fA%3D%3D,https://images.unsplash.com/photo-1601422407692-ec4eeec1d9b3?q=80&w=3850&auto=format&fit=crop&ixlib=rb-4.1.0&ixid=M3wxMjA3fDB8MHxwaG90by1wYWdlfHx8fGVufDB8fHx8fA%3D%3D,https://images.unsplash.com/photo-1632758243488-7e6f9173cfa1?q=80&w=3648&auto=format&fit=crop&ixlib=rb-4.1.0&ixid=M3wxMjA3fDB8MHxwaG90by1wYWdlfHx8fGVufDB8fHx8fA%3D%3D",true,2025-05-24 18:55:07.469 +0900,2025-05-24 18:55:07.469 +0900
55,í¬ë¡œìŠ¤í•ìœ¼ë¡œ ì „ì‹ ìš´ë™,"123e4567-e89b-12d3-a456-426614170096",í¬ë¡œìŠ¤í•ìœ¼ë¡œ ì „ì‹ ìš´ë™ì„ í•˜ë‹ˆ ëª¸ì´ ê°œìš´í•´ì¡Œì–´ìš”.,"https://images.unsplash.com/photo-1632758243488-7e6f9173cfa1?q=80&w=3648&auto=format&fit=crop&ixlib=rb-4.1.0&ixid=M3wxMjA3fDB8MHxwaG90by1wYWdlfHx8fGVufDB8fHx8fA%3D%3D,https://images.unsplash.com/photo-1639504031765-ca21aecb7252?q=80&w=3870&auto=format&fit=crop&ixlib=rb-4.1.0&ixid=M3wxMjA3fDB8MHxwaG90by1wYWdlfHx8fGVufDB8fHx8fA%3D%3D",true,2025-05-24 18:55:07.469 +0900,2025-05-24 18:55:07.469 +0900
56,ì†¡íŒŒêµ¬ì²´ìœ¡ë¬¸í™”íšŒê´€ ìˆ˜ì˜ì¥ ì¶”ì²œ,"123e4567-e89b-12d3-a456-426614170037",ì†¡íŒŒêµ¬ ì²´ìœ¡ë¬¸í™”íšŒê´€ ìˆ˜ì˜ì¥ ì¢‹ë„¤ìš”. ê°€ê²©ë„ ì €ë ´í•˜ë‹ˆ ë‹¤ë“¤ í•œ ë²ˆ ê°€ë³´ì„¸ìš”!,"https://cdn.news.hidoc.co.kr/news/photo/201905/19279_45881_0658.jpg,https://plus.unsplash.com/premium_photo-1701030722594-2b8d0e5e356f?q=80&w=3235&auto=format&fit=crop&ixlib=rb-4.1.0&ixid=M3wxMjA3fDB8MHxwaG90by1wYWdlfHx8fGVufDB8fHx8fA%3D%3D,https://www.esongpa.or.kr/common/image/facility/facility1_1.jpg",true,2025-05-24 18:55:07.469 +0900,2025-05-24 18:55:07.469 +0900
57,ì˜¤í´ì™„ ã…‹ã…‹,"123e4567-e89b-12d3-a456-426614170040",ì˜¤ëŠ˜ë„ í´ë¼ì´ë° ì™„ë£Œ,"https://images.unsplash.com/photo-1520156557489-31c63271fcd4?q=80&w=3987&auto=format&fit=crop&ixlib=rb-4.1.0&ixid=M3wxMjA3fDB8MHxwaG90by1wYWdlfHx8fGVufDB8fHx8fA%3D%3D,https://images.unsplash.com/photo-1601224748193-d24f166b5c77?w=800&h=600&fit=crop,https://images.unsplash.com/photo-1683009427041-d810728a7cb6?q=80&w=3623&auto=format&fit=crop&ixlib=rb-4.1.0&ixid=M3wxMjA3fDB8MHxwaG90by1wYWdlfHx8fGVufDB8fHx8fA%3D%3D",false,2025-05-24 18:55:07.469 +0900,2025-05-24 18:55:07.469 +0900
58,íŠ¸ë ˆë“œë°€ ê¸°ë¡ ê°œê°œê°œê°±ì‹ ,"123e4567-e89b-12d3-a456-426614170064",ì‹œì† 14ë¡œ 1ì‹œê°„ ë›°ì—ˆì–´ìš” ã…‹ã…‹,"https://images.unsplash.com/photo-1648995361141-30676a75fd27?q=80&w=3988&auto=format&fit=crop&ixlib=rb-4.1.0&ixid=M3wxMjA3fDB8MHxwaG90by1wYWdlfHx8fGVufDB8fHx8fA%3D%3D,https://plus.unsplash.com/premium_photo-1661595192663-71f7c5ae1b13?q=80&w=3871&auto=format&fit=crop&ixlib=rb-4.1.0&ixid=M3wxMjA3fDB8MHxwaG90by1wYWdlfHx8fGVufDB8fHx8fA%3D%3D",true,2025-05-24 18:55:07.469 +0900,2025-05-24 18:55:07.469 +0900
59,ã…‡ã…‡ã…‡,"123e4567-e89b-12d3-a456-426614170015",ê·¸ë¦½ ìƒˆë¡œ ìƒ€ëŠ”ë° ì°¸ ì¢‹ë„¤ìš”. ì—­ì‹œ ìš´ë™ì€ ì¥ë¹„ë¹¨!,https://images.unsplash.com/photo-1571731956672-f2b94d7dd0cb?w=800&h=600&fit=crop,true,2025-05-23 18:55:07.469 +0900,2025-05-23 18:55:07.469 +0900
60,íŠ¸ë ˆë“œë°€ ê¸°ë¡ ê°±ì‹ ,"123e4567-e89b-12d3-a456-426614170064",íŠ¸ë ˆë“œë°€ì—ì„œ ìµœê³  ì†ë„ ê¸°ë¡ì„ ê°±ì‹ í–ˆìŠµë‹ˆë‹¤!,https://plus.unsplash.com/premium_photo-1661595192663-71f7c5ae1b13?q=80&w=3871&auto=format&fit=crop&ixlib=rb-4.1.0&ixid=M3wxMjA3fDB8MHxwaG90by1wYWdlfHx8fGVufDB8fHx8fA%3D%3D,true,2025-05-23 18:55:07.469 +0900,2025-05-23 18:55:07.469 +0900
61,í™ˆíŠ¸ ì¸ì¦ìƒ· ê³µìœ ,"123e4567-e89b-12d3-a456-426614170085",ë§¤ì¼ ê¾¸ì¤€íˆ í™ˆíŠ¸í•˜ëŠ” ìŠµê´€ì„ ë“¤ì´ê³  ìˆì–´ìš”.,"https://plus.unsplash.com/premium_photo-1671028547976-4b1e3300a350?q=80&w=3870&auto=format&fit=crop&ixlib=rb-4.1.0&ixid=M3wxMjA3fDB8MHxwaG90by1wYWdlfHx8fGVufDB8fHx8fA%3D%3D,https://images.unsplash.com/photo-1571019613454-1cb2f99b2d8b?w=800&h=600&fit=crop",true,2025-05-22 18:55:07.469 +0900,2025-05-22 18:55:07.469 +0900
62,ì›¨ì´íŠ¸ íŠ¸ë ˆì´ë‹ ë£¨í‹´ ì¶”ì²œë°›ì•„ìš”,"123e4567-e89b-12d3-a456-426614170000",ì˜¤ëŠ˜ì€ í•˜ì²´ ìœ„ì£¼ë¡œ ì›¨ì´íŠ¸ë¥¼ í–ˆìŠµë‹ˆë‹¤. ë‹¤ë“¤ ì–´ë–¤ì‹ìœ¼ë¡œ ìš´ë™ ë£¨í‹´ì„ ì§œì‹œë‚˜ìš”?,https://images.unsplash.com/photo-1549060279-7e168fcee0c2?w=800&h=600&fit=crop,true,2025-05-22 18:55:07.469 +0900,2025-05-22 18:55:07.469 +0900
63,ì›¨ì´íŠ¸ íŠ¸ë ˆì´ë‹ ë£¨í‹´ ì¶”ì²œë°›ì•„ìš”,"123e4567-e89b-12d3-a456-426614170015",ì˜¤ëŠ˜ì€ í•˜ì²´ ìœ„ì£¼ë¡œ ì›¨ì´íŠ¸ë¥¼ í–ˆìŠµë‹ˆë‹¤. ë‹¤ë“¤ ì–´ë–¤ì‹ìœ¼ë¡œ ìš´ë™ ë£¨í‹´ì„ ì§œì‹œë‚˜ìš”?,https://images.unsplash.com/photo-1540497077202-7c8a3999166f?w=800&h=600&fit=crop,true,2025-05-22 18:55:07.469 +0900,2025-05-22 18:55:07.469 +0900
64,ì²˜ìŒ í—¬ìŠ¤ì¥ ë“±ë¡í–ˆìŠµë‹ˆë‹¤ !,"123e4567-e89b-12d3-a456-426614170061",ìƒˆë¡œ ìƒê¸´ í—¬ìŠ¤ì¥ì´ë¼ ê·¸ëŸ°ì§€ ê¹”ê¼¼í•˜ë„¤ìš” í•œ ë²ˆ ì—´ì‹¬íˆ í•´ë³´ê² ìŠµë‹ˆë‹¤. ğŸ”¥,https://images.unsplash.com/photo-1540497077202-7c8a3999166f?w=800&h=600&fit=crop,true,2025-05-22 18:55:07.469 +0900,2025-05-22 18:55:07.469 +0900
65,ì˜¤ìš´ì™„,"123e4567-e89b-12d3-a456-426614170085",ë§¤ì¼ í„±ê±¸ì´ í•˜ê³  ìˆëŠ”ë° ì˜¤ëŠ˜ë”°ë¼ ì˜ ì•ˆë˜ë„¤ìš”.. ê·¸ë˜ë„ ì˜¤ëŠ˜ ìš´ë™ ì¸ì¦í–ˆìŠµë‹ˆë‹¤.,"https://images.unsplash.com/photo-1540497077202-7c8a3999166f?w=800&h=600&fit=crop,https://images.unsplash.com/photo-1605296867424-35fc25c9212a?w=800&h=600&fit=crop,https://images.unsplash.com/photo-1574680096145-d05b474e2155?w=800&h=600&fit=crop",true,2025-05-22 18:55:07.469 +0900,2025-05-22 18:55:07.469 +0900
66,í”„ë¡œí‹´ ì¶”ì²œ ë¶€íƒí•´ìš”,"123e4567-e89b-12d3-a456-426614170096",ì—¬ëŸ¬ë¶„ì´ ì¶”ì²œí•˜ëŠ” í”„ë¡œí‹´ì´ ê¶ê¸ˆí•´ìš”.,"https://d1cnx04b8cgzcv.cloudfront.net/media/products/products/4c368457b8934a07a35c0989ce82b268.jpg?width=720&quality=95,https://img.cjthemarket.com/images/file/product/490/20240411103339994.PNG?SF=webp&RS=550x550",false,2025-05-22 18:55:07.469 +0900,2025-05-22 18:55:07.469 +0900
67,í”„ë¡œí‹´ ì„­ì·¨ ë°©ë²•,"123e4567-e89b-12d3-a456-426614170096",í”„ë¡œí‹´ì„ íš¨ê³¼ì ìœ¼ë¡œ ì„­ì·¨í•˜ëŠ” ë°©ë²•ì„ ê³µìœ í•©ë‹ˆë‹¤.,"https://img.cjthemarket.com/images/file/product/490/20240411103339994.PNG?SF=webp&RS=550x550,https://img.danawa.com/prod_img/500000/503/186/img/18186503_1.jpg?shrink=330:*&_v=20230706102541,https://asset.m-gs.kr/prod/1020075140/1/550",true,2025-05-22 18:55:07.469 +0900,2025-05-22 18:55:07.469 +0900
68,ì œ ë¡¤ëª¨ë¸ì€ ì¡°ìœ ë¦¬ì…ë‹ˆë‹¤.,"123e4567-e89b-12d3-a456-426614170050",ì¡°ìœ ë¦¬ì²˜ëŸ¼ ì˜ˆìœ ëª¸ë§¤ë¥¼ ê°€ì§€ê³  ì‹¶ì–´ìš”!,"https://plus.unsplash.com/premium_photo-1664475922946-d01445240652?q=80&w=3987&auto=format&fit=crop&ixlib=rb-4.1.0&ixid=M3wxMjA3fDB8MHxwaG90by1wYWdlfHx8fGVufDB8fHx8fA%3D%3D,https://images.unsplash.com/photo-1637651684506-07e16fcf7b06?q=80&w=3974&auto=format&fit=crop&ixlib=rb-4.1.0&ixid=M3wxMjA3fDB8MHxwaG90by1wYWdlfHx8fGVufDB8fHx8fA%3D%3D",true,2025-05-22 18:55:07.469 +0900,2025-05-22 18:55:07.469 +0900
69,íŠ¸ë ˆë“œë°€ ëŸ¬ë‹ í›„ê¸°,"123e4567-e89b-12d3-a456-426614170064",íŠ¸ë ˆë“œë°€ì—ì„œ ëŸ¬ë‹ì„ í•˜ë‹ˆ ë‚ ì”¨ì— ìƒê´€ì—†ì´ ìš´ë™í•  ìˆ˜ ìˆì–´ ì¢‹ì•„ìš”.,https://images.unsplash.com/photo-1648995361141-30676a75fd27?q=80&w=3988&auto=format&fit=crop&ixlib=rb-4.1.0&ixid=M3wxMjA3fDB8MHxwaG90by1wYWdlfHx8fGVufDB8fHx8fA%3D%3D,true,2025-05-22 18:55:07.469 +0900,2025-05-22 18:55:07.469 +0900
70,ë“œë””ì–´....!!!!!!!!!!,"123e4567-e89b-12d3-a456-426614170030",ë“œë””ì–´ ì†ê³¼ ë°œì´ ë§Œë‚¬ìŠµë‹ˆë‹¤. ë ˆì „ë“œ ê¸°ë¡ ë‹¬ì„± ì¶•í•˜ì¢€ìš”,https://images.unsplash.com/photo-1544367567-0f2fcb009e0b?w=800&h=600&fit=crop,true,2025-05-21 18:55:07.469 +0900,2025-05-21 18:55:07.469 +0900
71,í…Œë‹ˆìŠ¤ ë¼ì¼“ ì¶”ì²œ,"123e4567-e89b-12d3-a456-426614170055",ìƒˆë¡œ ì‚° ë¼ì¼“ì´ ì •ë§ ê°€ë³ê³  ì¢‹ì•„ìš”.,https://images.unsplash.com/flagged/photo-1576972405668-2d020a01cbfa?q=80&w=3874&auto=format&fit=crop&ixlib=rb-4.1.0&ixid=M3wxMjA3fDB8MHxwaG90by1wYWdlfHx8fGVufDB8fHx8fA%3D%3D,true,2025-05-21 18:55:07.469 +0900,2025-05-21 18:55:07.469 +0900
89,ì˜¤ìš´ì™„,"123e4567-e89b-12d3-a456-426614170000",ë§¤ì¼ í„±ê±¸ì´ í•˜ê³  ìˆëŠ”ë° ì˜¤ëŠ˜ë”°ë¼ ì˜ ì•ˆë˜ë„¤ìš”.. ê·¸ë˜ë„ ì˜¤ëŠ˜ ìš´ë™ ì¸ì¦í–ˆìŠµë‹ˆë‹¤.,"https://images.unsplash.com/photo-1540497077202-7c8a3999166f?w=800&h=600&fit=crop,https://images.unsplash.com/photo-1574680096145-d05b474e2155?w=800&h=600&fit=crop",true,2025-05-17 18:55:07.469 +0900,2025-05-17 18:55:07.469 +0900
72,ì˜¤ëŠ˜ë„ ìˆ˜ì˜!!,"123e4567-e89b-12d3-a456-426614170037",ì˜¤ëŠ˜ë¶€í„° ë°°ì˜ë“¤ì–´ê°”ìŠµë‹ˆë‹¤. ì €ì˜ ì„±ì¥ê¸° ë§ì´ ë´ì£¼ì„¸ìš”,"https://plus.unsplash.com/premium_photo-1701030722617-25087a8fe287?q=80&w=2940&auto=format&fit=crop&ixlib=rb-4.1.0&ixid=M3wxMjA3fDB8MHxwaG90by1wYWdlfHx8fGVufDB8fHx8fA%3D%3D,https://sitem.ssgcdn.com/98/07/12/item/1000575120798_i1_1200.jpg,https://www.esongpa.or.kr/common/image/facility/facility1_1.jpg",true,2025-05-21 18:55:07.469 +0900,2025-05-21 18:55:07.469 +0900
73,ë°”ë””í”„ë¡œí•„ ì¤€ë¹„ í•˜ê³  ìˆìŠµë‹ˆë‹¤.,"123e4567-e89b-12d3-a456-426614170050",ë°”ë””í”„ë¡œí•„ì„ ìœ„í•´ ì‹ë‹¨ê³¼ ìš´ë™ì„ ë³‘í–‰ ì¤‘ì…ë‹ˆë‹¤... í˜ë“  ê³¼ì •ì´ê² ì§€ë§Œ ê²°ê³¼ê°€ ì¢‹ì•˜ìœ¼ë©´ ì¢‹ê² ì–´ìš” ğŸ¥¹,"https://m.asiailbo.co.kr/data/2023/21080200/20230808_131142_a6e3014.jpg,https://images.unsplash.com/photo-1637651684506-07e16fcf7b06?q=80&w=3974&auto=format&fit=crop&ixlib=rb-4.1.0&ixid=M3wxMjA3fDB8MHxwaG90by1wYWdlfHx8fGVufDB8fHx8fA%3D%3D,https://plus.unsplash.com/premium_photo-1671632777292-7f28e9c97b47?q=80&w=3158&auto=format&fit=crop&ixlib=rb-4.1.0&ixid=M3wxMjA3fDB8MHxwaG90by1wYWdlfHx8fGVufDB8fHx8fA%3D%3D",true,2025-05-21 18:55:07.469 +0900,2025-05-21 18:55:07.469 +0900
74,ì˜¤ëŠ˜ì˜ í™ˆíŠ¸ ì™„ë£Œ!,"123e4567-e89b-12d3-a456-426614170064",ì˜¤ëŠ˜ ì§‘ì—ì„œ í™ˆíŠ¸ë¡œ ë•€ì„ ì«™ ëºì–´ìš”. ë‚´ì¼ë„ í™”ì´íŒ…!,https://images.unsplash.com/photo-1734873477108-6837b02f2b9d?q=80&w=3468&auto=format&fit=crop&ixlib=rb-4.1.0&ixid=M3wxMjA3fDB8MHxwaG90by1wYWdlfHx8fGVufDB8fHx8fA%3D%3D,true,2025-05-20 18:55:07.469 +0900,2025-05-20 18:55:07.469 +0900
75,ì²˜ìŒ í—¬ìŠ¤ì¥ ë“±ë¡í–ˆìŠµë‹ˆë‹¤ !,"123e4567-e89b-12d3-a456-426614170015",ìƒˆë¡œ ìƒê¸´ í—¬ìŠ¤ì¥ì´ë¼ ê·¸ëŸ°ì§€ ê¹”ê¼¼í•˜ë„¤ìš” í•œ ë²ˆ ì—´ì‹¬íˆ í•´ë³´ê² ìŠµë‹ˆë‹¤. ğŸ”¥,"https://images.unsplash.com/photo-1549060279-7e168fcee0c2?w=800&h=600&fit=crop,https://images.unsplash.com/photo-1571731956672-f2b94d7dd0cb?w=800&h=600&fit=crop,https://images.unsplash.com/photo-1574680096145-d05b474e2155?w=800&h=600&fit=crop",true,2025-05-20 18:55:07.469 +0900,2025-05-20 18:55:07.469 +0900
76,í¬ë¡œìŠ¤í• íŒ€ì›Œí¬ í›ˆë ¨,"123e4567-e89b-12d3-a456-426614170043",íŒ€ì›ë“¤ê³¼ í•¨ê»˜í•˜ëŠ” í¬ë¡œìŠ¤í• í›ˆë ¨ì´ ì •ë§ ì¬ë°Œì—ˆìŠµë‹ˆë‹¤.,https://images.unsplash.com/photo-1639504031765-ca21aecb7252?q=80&w=3870&auto=format&fit=crop&ixlib=rb-4.1.0&ixid=M3wxMjA3fDB8MHxwaG90by1wYWdlfHx8fGVufDB8fHx8fA%3D%3D,true,2025-05-20 18:55:07.469 +0900,2025-05-20 18:55:07.469 +0900
77,í´ë¼ì´ë° ì‹¤ë ¥ í–¥ìƒ,"123e4567-e89b-12d3-a456-426614170040",í´ë¼ì´ë° ì‹¤ë ¥ì´ ì ì  ëŠ˜ê³  ìˆì–´ìš”.,"https://plus.unsplash.com/premium_photo-1683380297191-dcb78d5712ee?q=80&w=3930&auto=format&fit=crop&ixlib=rb-4.1.0&ixid=M3wxMjA3fDB8MHxwaG90by1wYWdlfHx8fGVufDB8fHx8fA%3D%3D,https://images.unsplash.com/photo-1683009427041-d810728a7cb6?q=80&w=3623&auto=format&fit=crop&ixlib=rb-4.1.0&ixid=M3wxMjA3fDB8MHxwaG90by1wYWdlfHx8fGVufDB8fHx8fA%3D%3D,https://images.unsplash.com/photo-1601224748193-d24f166b5c77?w=800&h=600&fit=crop",true,2025-05-20 18:55:07.469 +0900,2025-05-20 18:55:07.469 +0900
78,í™ˆíŠ¸ë¡œ ì²´ë ¥ ê¸°ë¥´ê¸°,"123e4567-e89b-12d3-a456-426614170085",í™ˆíŠ¸ë¡œ ì²´ë ¥ì´ ì ì  ì¢‹ì•„ì§€ëŠ” ê²Œ ëŠê»´ì§‘ë‹ˆë‹¤.,https://plus.unsplash.com/premium_photo-1664476325264-f1dab37eaa7a?q=80&w=3871&auto=format&fit=crop&ixlib=rb-4.1.0&ixid=M3wxMjA3fDB8MHxwaG90by1wYWdlfHx8fGVufDB8fHx8fA%3D%3D,true,2025-05-19 18:55:07.469 +0900,2025-05-19 18:55:07.469 +0900
79,ì˜¤ìš´ì™„,"123e4567-e89b-12d3-a456-426614170075",ë§¤ì¼ í„±ê±¸ì´ í•˜ê³  ìˆëŠ”ë° ì˜¤ëŠ˜ë”°ë¼ ì˜ ì•ˆë˜ë„¤ìš”.. ê·¸ë˜ë„ ì˜¤ëŠ˜ ìš´ë™ ì¸ì¦í–ˆìŠµë‹ˆë‹¤.,https://images.unsplash.com/photo-1571731956672-f2b94d7dd0cb?w=800&h=600&fit=crop,true,2025-05-19 18:55:07.469 +0900,2025-05-19 18:55:07.469 +0900
80,ìì„¸ ì–´ë–¤ê°€ìš”?,"123e4567-e89b-12d3-a456-426614170030",ì˜¤ëŠ˜ ì´ ìì„¸ í–ˆë‹¤ê°€ ë¼ˆì†Œë¦¬ê°€ ëšœë‘ë‘‘ ë‚¬ìŠµë‹ˆë‹¤. ê¸°ë¶„ ì¢‹ë„¤ìš”.,"https://images.unsplash.com/photo-1552196563-55cd4e45efb3?q=80&w=3852&auto=format&fit=crop&ixlib=rb-4.1.0&ixid=M3wxMjA3fDB8MHxwaG90by1wYWdlfHx8fGVufDB8fHx8fA%3D%3D,https://images.unsplash.com/photo-1545205597-3d9d02c29597?q=80&w=3870&auto=format&fit=crop&ixlib=rb-4.1.0&ixid=M3wxMjA3fDB8MHxwaG90by1wYWdlfHx8fGVufDB8fHx8fA%3D%3D,https://images.unsplash.com/photo-1544367567-0f2fcb009e0b?w=800&h=600&fit=crop",true,2025-05-19 18:55:07.469 +0900,2025-05-19 18:55:07.469 +0900
81,í¸ì˜ì ì—ì„œ íŒŒëŠ” ë‹¨ë°±ì§ˆ ìŒë£Œ,"123e4567-e89b-12d3-a456-426614170096",ë”ë‹¨ë°± ì´ˆì½”ë§›ì´ ì§„ì§œ ì´ˆì½”ìŒë£Œì²˜ëŸ¼ ì™„ì „ ë§›ìˆì–´ìš”!!,"https://images.unsplash.com/photo-1693996045300-521e9d08cabc?q=80&w=2940&auto=format&fit=crop&ixlib=rb-4.1.0&ixid=M3wxMjA3fDB8MHxwaG90by1wYWdlfHx8fGVufDB8fHx8fA%3D%3D,https://d1cnx04b8cgzcv.cloudfront.net/media/products/products/4c368457b8934a07a35c0989ce82b268.jpg?width=720&quality=95",true,2025-05-19 18:55:07.469 +0900,2025-05-19 18:55:07.469 +0900
82,í´ë¼ì´ë° ì¥ë¹„ ë¦¬ë·°,"123e4567-e89b-12d3-a456-426614170040",ìƒˆë¡œ ì‚° í´ë¼ì´ë° ì¥ë¹„ê°€ ì •ë§ ë§ˆìŒì— ë“­ë‹ˆë‹¤.,"https://plus.unsplash.com/premium_photo-1683380297191-dcb78d5712ee?q=80&w=3930&auto=format&fit=crop&ixlib=rb-4.1.0&ixid=M3wxMjA3fDB8MHxwaG90by1wYWdlfHx8fGVufDB8fHx8fA%3D%3D,https://images.unsplash.com/photo-1520156557489-31c63271fcd4?q=80&w=3987&auto=format&fit=crop&ixlib=rb-4.1.0&ixid=M3wxMjA3fDB8MHxwaG90by1wYWdlfHx8fGVufDB8fHx8fA%3D%3D,https://images.unsplash.com/photo-1683009427041-d810728a7cb6?q=80&w=3623&auto=format&fit=crop&ixlib=rb-4.1.0&ixid=M3wxMjA3fDB8MHxwaG90by1wYWdlfHx8fGVufDB8fHx8fA%3D%3D",true,2025-05-19 18:55:07.469 +0900,2025-05-19 18:55:07.469 +0900
83,ì²˜ìŒ í—¬ìŠ¤ì¥ ë“±ë¡í–ˆìŠµë‹ˆë‹¤ !,"123e4567-e89b-12d3-a456-426614170000",ìƒˆë¡œ ìƒê¸´ í—¬ìŠ¤ì¥ì´ë¼ ê·¸ëŸ°ì§€ ê¹”ê¼¼í•˜ë„¤ìš” í•œ ë²ˆ ì—´ì‹¬íˆ í•´ë³´ê² ìŠµë‹ˆë‹¤. ğŸ”¥,"https://images.unsplash.com/photo-1605296867424-35fc25c9212a?w=800&h=600&fit=crop,https://images.unsplash.com/photo-1549060279-7e168fcee0c2?w=800&h=600&fit=crop,https://images.unsplash.com/photo-1571731956672-f2b94d7dd0cb?w=800&h=600&fit=crop",true,2025-05-18 18:55:07.469 +0900,2025-05-18 18:55:07.469 +0900
84,ì•„ì¹¨ ìš”ê°€ (feat.ë“±ì‚°),"123e4567-e89b-12d3-a456-426614170075",ì¡°ê¸ˆ ìœ„í—˜í•´ë³´ì´ì§€ë§Œ ì €ëŠ” ìŠ¤ë¦´ì„ ì¦ê²¨ìš”. í•œ ë²ˆì”© ì´ë ‡ê²Œ ì •ìƒì—ì„œ í•´ë³´ëŠ” ê²ƒë„ ì¢‹ì€ ê²ƒ ê°™ì•„ìš”. ì–´ë•Œìš”?,https://images.unsplash.com/photo-1545389336-cf090694435e?q=80&w=3667&auto=format&fit=crop&ixlib=rb-4.1.0&ixid=M3wxMjA3fDB8MHxwaG90by1wYWdlfHx8fGVufDB8fHx8fA%3D%3D,true,2025-05-18 18:55:07.469 +0900,2025-05-18 18:55:07.469 +0900
85,ìì„¸ ì–´ë–¤ê°€ìš”?,"123e4567-e89b-12d3-a456-426614170075",ì˜¤ëŠ˜ ì´ ìì„¸ í–ˆë‹¤ê°€ ë¼ˆì†Œë¦¬ê°€ ëšœë‘ë‘‘ ë‚¬ìŠµë‹ˆë‹¤. ê¸°ë¶„ ì¢‹ë„¤ìš”.,https://images.unsplash.com/photo-1544367567-0f2fcb009e0b?w=800&h=600&fit=crop,true,2025-05-18 18:55:07.469 +0900,2025-05-18 18:55:07.469 +0900
86,ìƒˆë²½ ëŸ¬ë‹ ì¸ì¦ìƒ· ğŸƒâ€â™‚ï¸,"123e4567-e89b-12d3-a456-426614170075",ìƒˆë²½ 6ì‹œ í•œê°• ëŸ¬ë‹ ì™„ë£Œ! ë§‘ì€ ê³µê¸°ì™€ í•¨ê»˜ í•˜ë£¨ë¥¼ ìƒì¾Œí•˜ê²Œ ì‹œì‘í–ˆì–´ìš”. ğŸŒ…,https://images.unsplash.com/photo-1712634047253-e292abdff553?q=80&w=3089&auto=format&fit=crop&ixlib=rb-4.1.0&ixid=M3wxMjA3fDB8MHxwaG90by1wYWdlfHx8fGVufDB8fHx8fA%3D%3D,false,2025-05-18 18:55:07.469 +0900,2025-05-18 18:55:07.469 +0900
87,ë‚˜ì´ê°€ ì¢€ ìˆìœ¼ë©´ ì—¬ì „íˆ ìŠ¤íŠ¸ë ˆì¹­ì€ í•„ìˆ˜ì—ìš”,"123e4567-e89b-12d3-a456-426614170085",ë‹¤ë“¤ ê¼­ ìŠ¤íŠ¸ë ˆì¹­ í•˜ê³  ì‚½ì‹œë‹¤. íŠ¹íˆ ìš”ì¦˜ ê±°ë¶ëª©ê³¼ ë¼ìš´ë“œìˆ„ë” ì˜ˆë°©ì— ìŠ¤íŠ¸ë ˆì¹­ì€ í•„ìˆ˜ëë‹ˆë‹¤,"https://plus.unsplash.com/premium_photo-1682434735853-4c385a795f87?w=800&h=600&auto=format&fit=crop&ixlib=rb-4.1.0&ixid=M3wxMjA3fDB8MHxwaG90by1wYWdlfHx8fGVufDB8fHx8fA%3D%3D,https://images.unsplash.com/photo-1597460605033-6b2302cd79d8?q=80&w=3840&auto=format&fit=crop&ixlib=rb-4.1.0&ixid=M3wxMjA3fDB8MHxwaG90by1wYWdlfHx8fGVufDB8fHx8fA%3D%3D,https://images.unsplash.com/photo-1607914660217-754fdd90041d?w=800&h=600&auto=format&fit=crop&ixlib=rb-4.1.0&ixid=M3wxMjA3fDB8MHxwaG90by1wYWdlfHx8fGVufDB8fHx8fA%3D%3D",false,2025-05-18 18:55:07.469 +0900,2025-05-18 18:55:07.469 +0900
88,ë¼ì´ë”© í›„ê¸°,"123e4567-e89b-12d3-a456-426614170023",ë¼ì´ë”© ë™í˜¸íšŒ ë§ê³  ì˜¤ëŠ˜ì€ í˜¼ìì„œ ë¼ì´ë”© í•´ë´¤ì–´ìš”.,"https://images.unsplash.com/photo-1598371391798-5a4a7e8b1393?q=80&w=3221&auto=format&fit=crop&ixlib=rb-4.1.0&ixid=M3wxMjA3fDB8MHxwaG90by1wYWdlfHx8fGVufDB8fHx8fA%3D%3D,https://plus.unsplash.com/premium_photo-1683442814148-78aa260ac18e?q=80&w=3870&auto=format&fit=crop&ixlib=rb-4.1.0&ixid=M3wxMjA3fDB8MHxwaG90by1wYWdlfHx8fGVufDB8fHx8fA%3D%3D,https://plus.unsplash.com/premium_photo-1661964220280-d640498f9556?q=80&w=3870&auto=format&fit=crop&ixlib=rb-4.1.0&ixid=M3wxMjA3fDB8MHxwaG90by1wYWdlfHx8fGVufDB8fHx8fA%3D%3D",true,2025-05-18 18:55:07.469 +0900,2025-05-18 18:55:07.469 +0900
90,ëŸ¬ë‹ìœ¼ë¡œ ìƒì¾Œí•œ í•˜ë£¨,"123e4567-e89b-12d3-a456-426614170075",ëŸ¬ë‹ìœ¼ë¡œ ìŠ¤íŠ¸ë ˆìŠ¤ë¥¼ ë‚ ë ¤ë²„ë ¸ìŠµë‹ˆë‹¤.,"https://images.unsplash.com/photo-1552674605-db6ffd4facb5?w=800&h=600&fit=crop,https://images.unsplash.com/photo-1712634047253-e292abdff553?q=80&w=3089&auto=format&fit=crop&ixlib=rb-4.1.0&ixid=M3wxMjA3fDB8MHxwaG90by1wYWdlfHx8fGVufDB8fHx8fA%3D%3D",true,2025-05-17 18:55:07.469 +0900,2025-05-17 18:55:07.469 +0900
91,ë°°ë“œë¯¼í„´ ëŒ€íšŒ ì¤€ë¹„ì¤‘,"123e4567-e89b-12d3-a456-426614170058",ë°°ë“œë¯¼í„´ ëŒ€íšŒë¥¼ ì¤€ë¹„í•˜ë©° ë§¤ì¼ ì—°ìŠµí•˜ê³  ìˆì–´ìš”. ì—´ì‹¬íˆ í•´ì„œ ì¢‹ì€ ê²°ê³¼ ì–»ê³  ì‹¶ìŠµë‹ˆë‹¤!,"https://images.unsplash.com/photo-1720515226352-b0b1dec6813b?q=80&w=3987&auto=format&fit=crop&ixlib=rb-4.1.0&ixid=M3wxMjA3fDB8MHxwaG90by1wYWdlfHx8fGVufDB8fHx8fA%3D%3D,https://images.unsplash.com/photo-1687597778602-624a9438fe0b?q=80&w=3456&auto=format&fit=crop&ixlib=rb-4.1.0&ixid=M3wxMjA3fDB8MHxwaG90by1wYWdlfHx8fGVufDB8fHx8fA%3D%3D",true,2025-05-17 18:55:07.469 +0900,2025-05-17 18:55:07.469 +0900
92,í…Œë‹ˆìŠ¤ ë™í˜¸íšŒ ëª¨ì„,"123e4567-e89b-12d3-a456-426614170055",í…Œë‹ˆìŠ¤ ë™í˜¸íšŒ ì •ê¸° ëª¨ì„ì— ì°¸ì„í–ˆìŠµë‹ˆë‹¤. ì‹¤ë ¥ë„ ëŠ˜ê³  ì¢‹ì€ ì‚¬ëŒë“¤ë„ ë§Œë‚˜ê³ !,https://images.unsplash.com/photo-1595435742656-5272d0b3fa82?q=80&w=3928&auto=format&fit=crop&ixlib=rb-4.1.0&ixid=M3wxMjA3fDB8MHxwaG90by1wYWdlfHx8fGVufDB8fHx8fA%3D%3D,true,2025-05-17 18:55:07.469 +0900,2025-05-17 18:55:07.469 +0900
93,ì§‘ì—ì„œ í•˜ëŠ” ì „ì‹ ìš´ë™,"123e4567-e89b-12d3-a456-426614170064",ê°„ë‹¨í•œ ë™ì‘ìœ¼ë¡œë„ ì¶©ë¶„íˆ ìš´ë™ íš¨ê³¼ë¥¼ ë³¼ ìˆ˜ ìˆë„¤ìš”.,"https://images.unsplash.com/photo-1734873477108-6837b02f2b9d?q=80&w=3468&auto=format&fit=crop&ixlib=rb-4.1.0&ixid=M3wxMjA3fDB8MHxwaG90by1wYWdlfHx8fGVufDB8fHx8fA%3D%3D,https://plus.unsplash.com/premium_photo-1671028547976-4b1e3300a350?q=80&w=3870&auto=format&fit=crop&ixlib=rb-4.1.0&ixid=M3wxMjA3fDB8MHxwaG90by1wYWdlfHx8fGVufDB8fHx8fA%3D%3D,https://plus.unsplash.com/premium_photo-1664476325264-f1dab37eaa7a?q=80&w=3871&auto=format&fit=crop&ixlib=rb-4.1.0&ixid=M3wxMjA3fDB8MHxwaG90by1wYWdlfHx8fGVufDB8fHx8fA%3D%3D",true,2025-05-16 18:55:07.469 +0900,2025-05-16 18:55:07.469 +0900
94,ì˜¤ëŠ˜ì˜ í™ˆíŠ¸ ì™„ë£Œ!,"123e4567-e89b-12d3-a456-426614170075",ì˜¤ëŠ˜ ì§‘ì—ì„œ í™ˆíŠ¸ë¡œ ë•€ì„ ì«™ ëºì–´ìš”. ë‚´ì¼ë„ í™”ì´íŒ…!,https://plus.unsplash.com/premium_photo-1664300607508-f8fce5d434b4?q=80&w=3870&auto=format&fit=crop&ixlib=rb-4.1.0&ixid=M3wxMjA3fDB8MHxwaG90by1wYWdlfHx8fGVufDB8fHx8fA%3D%3D,true,2025-05-16 18:55:07.469 +0900,2025-05-16 18:55:07.469 +0900
95,ì§‘ì—ì„œ í•˜ëŠ” ì „ì‹ ìš´ë™,"123e4567-e89b-12d3-a456-426614170085",ê°„ë‹¨í•œ ë™ì‘ìœ¼ë¡œë„ ì¶©ë¶„íˆ ìš´ë™ íš¨ê³¼ë¥¼ ë³¼ ìˆ˜ ìˆë„¤ìš”.,"https://images.unsplash.com/photo-1734873477108-6837b02f2b9d?q=80&w=3468&auto=format&fit=crop&ixlib=rb-4.1.0&ixid=M3wxMjA3fDB8MHxwaG90by1wYWdlfHx8fGVufDB8fHx8fA%3D%3D,https://plus.unsplash.com/premium_photo-1664300607508-f8fce5d434b4?q=80&w=3870&auto=format&fit=crop&ixlib=rb-4.1.0&ixid=M3wxMjA3fDB8MHxwaG90by1wYWdlfHx8fGVufDB8fHx8fA%3D%3D",true,2025-05-16 18:55:07.469 +0900,2025-05-16 18:55:07.469 +0900
96,ì˜¤ìš´ì™„,"123e4567-e89b-12d3-a456-426614170064",ë§¤ì¼ í„±ê±¸ì´ í•˜ê³  ìˆëŠ”ë° ì˜¤ëŠ˜ë”°ë¼ ì˜ ì•ˆë˜ë„¤ìš”.. ê·¸ë˜ë„ ì˜¤ëŠ˜ ìš´ë™ ì¸ì¦í–ˆìŠµë‹ˆë‹¤.,"https://images.unsplash.com/photo-1540497077202-7c8a3999166f?w=800&h=600&fit=crop,https://images.unsplash.com/photo-1571731956672-f2b94d7dd0cb?w=800&h=600&fit=crop",true,2025-05-16 18:55:07.469 +0900,2025-05-16 18:55:07.469 +0900
97,ã…‡ã…‡ã…‡,"123e4567-e89b-12d3-a456-426614170085",ê·¸ë¦½ ìƒˆë¡œ ìƒ€ëŠ”ë° ì°¸ ì¢‹ë„¤ìš”. ì—­ì‹œ ìš´ë™ì€ ì¥ë¹„ë¹¨!,"https://images.unsplash.com/photo-1540497077202-7c8a3999166f?w=800&h=600&fit=crop,https://images.unsplash.com/photo-1574680096145-d05b474e2155?w=800&h=600&fit=crop",true,2025-05-16 18:55:07.469 +0900,2025-05-16 18:55:07.469 +0900
98,ë°°ë“œë¯¼í„´ ì—°ìŠµ í›„ê¸°,"123e4567-e89b-12d3-a456-426614170058",ì˜¤ëŠ˜ ë°°ë“œë¯¼í„´ ì—°ìŠµì—ì„œ ìŠ¤ë§¤ì‹œê°€ ì˜ ë“¤ì–´ê°”ì–´ìš”.,https://plus.unsplash.com/premium_photo-1664304753883-923c28de6b85?q=80&w=3601&auto=format&fit=crop&ixlib=rb-4.1.0&ixid=M3wxMjA3fDB8MHxwaG90by1wYWdlfHx8fGVufDB8fHx8fA%3D%3D,true,2025-05-16 18:55:07.469 +0900,2025-05-16 18:55:07.469 +0900
99,ì§‘ì—ì„œ í•˜ëŠ” ì „ì‹ ìš´ë™,"123e4567-e89b-12d3-a456-426614170075",ê°„ë‹¨í•œ ë™ì‘ìœ¼ë¡œë„ ì¶©ë¶„íˆ ìš´ë™ íš¨ê³¼ë¥¼ ë³¼ ìˆ˜ ìˆë„¤ìš”.,"https://images.unsplash.com/photo-1734873477108-6837b02f2b9d?q=80&w=3468&auto=format&fit=crop&ixlib=rb-4.1.0&ixid=M3wxMjA3fDB8MHxwaG90by1wYWdlfHx8fGVufDB8fHx8fA%3D%3D,https://plus.unsplash.com/premium_photo-1664476325264-f1dab37eaa7a?q=80&w=3871&auto=format&fit=crop&ixlib=rb-4.1.0&ixid=M3wxMjA3fDB8MHxwaG90by1wYWdlfHx8fGVufDB8fHx8fA%3D%3D,https://plus.unsplash.com/premium_photo-1671028547976-4b1e3300a350?q=80&w=3870&auto=format&fit=crop&ixlib=rb-4.1.0&ixid=M3wxMjA3fDB8MHxwaG90by1wYWdlfHx8fGVufDB8fHx8fA%3D%3D",false,2025-05-15 18:55:07.469 +0900,2025-05-15 18:55:07.469 +0900
100,ë«í’€ë‹¤ìš´ í•´ë³´ëŠ”ë° ìš´ë™ìì„¸ ì´ê±° ë§ì•„ìš”?,"123e4567-e89b-12d3-a456-426614170064",í—¬ìŠ¤ ê³ ìˆ˜ë¶„ë“¤ ë„ì™€ì£¼ì„¸ìš” ã… ã… ,"https://images.unsplash.com/photo-1549060279-7e168fcee0c2?w=800&h=600&fit=crop,https://images.unsplash.com/photo-1540497077202-7c8a3999166f?w=800&h=600&fit=crop",true,2025-05-15 18:55:07.469 +0900,2025-05-15 18:55:07.469 +0900
101,ì˜¤ìš´ì™„,"123e4567-e89b-12d3-a456-426614170096",ë§¤ì¼ í„±ê±¸ì´ í•˜ê³  ìˆëŠ”ë° ì˜¤ëŠ˜ë”°ë¼ ì˜ ì•ˆë˜ë„¤ìš”.. ê·¸ë˜ë„ ì˜¤ëŠ˜ ìš´ë™ ì¸ì¦í–ˆìŠµë‹ˆë‹¤.,https://images.unsplash.com/photo-1540497077202-7c8a3999166f?w=800&h=600&fit=crop,true,2025-05-15 18:55:07.469 +0900,2025-05-15 18:55:07.469 +0900
102,í•´ìˆ˜ìš•ì¥ì—ì„œ ìš”ê°€,"123e4567-e89b-12d3-a456-426614170030",íŒŒë„ì†Œë¦¬ ë“¤ìœ¼ë©´ì„œ íë§í–ˆì–´ìš” ã…ã…,"https://images.unsplash.com/photo-1544367567-0f2fcb009e0b?w=800&h=600&fit=crop,https://images.unsplash.com/photo-1552196563-55cd4e45efb3?q=80&w=3852&auto=format&fit=crop&ixlib=rb-4.1.0&ixid=M3wxMjA3fDB8MHxwaG90by1wYWdlfHx8fGVufDB8fHx8fA%3D%3D,https://images.unsplash.com/photo-1575052814086-f385e2e2ad1b?w=800&h=600&fit=crop",false,2025-05-15 18:55:07.469 +0900,2025-05-15 18:55:07.469 +0900
103,ëŸ¬ë‹ìœ¼ë¡œ ìƒì¾Œí•œ í•˜ë£¨,"123e4567-e89b-12d3-a456-426614170019",ëŸ¬ë‹ìœ¼ë¡œ ìŠ¤íŠ¸ë ˆìŠ¤ë¥¼ ë‚ ë ¤ë²„ë ¸ìŠµë‹ˆë‹¤.,"https://images.unsplash.com/photo-1552674605-db6ffd4facb5?w=800&h=600&fit=crop,https://images.unsplash.com/photo-1712634047253-e292abdff553?q=80&w=3089&auto=format&fit=crop&ixlib=rb-4.1.0&ixid=M3wxMjA3fDB8MHxwaG90by1wYWdlfHx8fGVufDB8fHx8fA%3D%3D",true,2025-05-15 18:55:07.469 +0900,2025-05-15 18:55:07.469 +0900
104,ì˜¤ëŠ˜ì˜ í™ˆíŠ¸ ì™„ë£Œ!,"123e4567-e89b-12d3-a456-426614170000",ì˜¤ëŠ˜ ì§‘ì—ì„œ í™ˆíŠ¸ë¡œ ë•€ì„ ì«™ ëºì–´ìš”. ë‚´ì¼ë„ í™”ì´íŒ…!,"https://images.unsplash.com/photo-1571019613454-1cb2f99b2d8b?w=800&h=600&fit=crop,https://plus.unsplash.com/premium_photo-1671028547976-4b1e3300a350?q=80&w=3870&auto=format&fit=crop&ixlib=rb-4.1.0&ixid=M3wxMjA3fDB8MHxwaG90by1wYWdlfHx8fGVufDB8fHx8fA%3D%3D,https://images.unsplash.com/photo-1734873477108-6837b02f2b9d?q=80&w=3468&auto=format&fit=crop&ixlib=rb-4.1.0&ixid=M3wxMjA3fDB8MHxwaG90by1wYWdlfHx8fGVufDB8fHx8fA%3D%3D",true,2025-05-14 18:55:07.469 +0900,2025-05-14 18:55:07.469 +0900
105,ë“œë””ì–´....!!!!!!!!!!,"123e4567-e89b-12d3-a456-426614170075",ë“œë””ì–´ ì†ê³¼ ë°œì´ ë§Œë‚¬ìŠµë‹ˆë‹¤. ë ˆì „ë“œ ê¸°ë¡ ë‹¬ì„± ì¶•í•˜ì¢€ìš”,"https://images.unsplash.com/photo-1552196563-55cd4e45efb3?q=80&w=3852&auto=format&fit=crop&ixlib=rb-4.1.0&ixid=M3wxMjA3fDB8MHxwaG90by1wYWdlfHx8fGVufDB8fHx8fA%3D%3D,https://images.unsplash.com/photo-1545205597-3d9d02c29597?q=80&w=3870&auto=format&fit=crop&ixlib=rb-4.1.0&ixid=M3wxMjA3fDB8MHxwaG90by1wYWdlfHx8fGVufDB8fHx8fA%3D%3D,https://images.unsplash.com/photo-1544367567-0f2fcb009e0b?w=800&h=600&fit=crop",true,2025-05-14 18:55:07.469 +0900,2025-05-14 18:55:07.469 +0900
106,í¬ë¡œìŠ¤í• WOD ë„ì „,"123e4567-e89b-12d3-a456-426614170043",ì˜¤ëŠ˜ì˜ WOD(Workout of the Day)ì— ë„ì „í–ˆìŠµë‹ˆë‹¤. ë•€ì´ ë¹„ ì˜¤ë“¯!,"https://images.unsplash.com/photo-1601422407692-ec4eeec1d9b3?q=80&w=3850&auto=format&fit=crop&ixlib=rb-4.1.0&ixid=M3wxMjA3fDB8MHxwaG90by1wYWdlfHx8fGVufDB8fHx8fA%3D%3D,https://plus.unsplash.com/premium_photo-1661576743827-7f4dc8713fd8?q=80&w=3987&auto=format&fit=crop&ixlib=rb-4.1.0&ixid=M3wxMjA3fDB8MHxwaG90by1wYWdlfHx8fGVufDB8fHx8fA%3D%3D",true,2025-05-14 18:55:07.469 +0900,2025-05-14 18:55:07.469 +0900
140,í¬ë¡œìŠ¤í• ì²« ìˆ˜ì—… í›„ê¸°,"123e4567-e89b-12d3-a456-426614170096",í¬ë¡œìŠ¤í• ì²« ìˆ˜ì—…ì„ ë“¤ì—ˆëŠ”ë° ì •ë§ í˜ë“¤ì§€ë§Œ ì „ì‹  ìš´ë™ íš¨ê³¼ê°€ ëŒ€ë‹¨í•˜ë„¤ìš”!,https://plus.unsplash.com/premium_photo-1661576743827-7f4dc8713fd8?q=80&w=3987&auto=format&fit=crop&ixlib=rb-4.1.0&ixid=M3wxMjA3fDB8MHxwaG90by1wYWdlfHx8fGVufDB8fHx8fA%3D%3D,true,2025-05-07 18:55:07.469 +0900,2025-05-07 18:55:07.469 +0900
107,í¬ë¡œìŠ¤í• ë°•ìŠ¤ ë°©ë¬¸ê¸°,"123e4567-e89b-12d3-a456-426614170096",ìƒˆë¡œìš´ í¬ë¡œìŠ¤í• ë°•ìŠ¤ë¥¼ ë°©ë¬¸í•´ë´¤ìŠµë‹ˆë‹¤. ë¶„ìœ„ê¸°ê°€ ì •ë§ ì¢‹ë„¤ìš”.,"https://plus.unsplash.com/premium_photo-1661576743827-7f4dc8713fd8?q=80&w=3987&auto=format&fit=crop&ixlib=rb-4.1.0&ixid=M3wxMjA3fDB8MHxwaG90by1wYWdlfHx8fGVufDB8fHx8fA%3D%3D,https://images.unsplash.com/photo-1601422407692-ec4eeec1d9b3?q=80&w=3850&auto=format&fit=crop&ixlib=rb-4.1.0&ixid=M3wxMjA3fDB8MHxwaG90by1wYWdlfHx8fGVufDB8fHx8fA%3D%3D",true,2025-05-14 18:55:07.469 +0900,2025-05-14 18:55:07.469 +0900
108,í…Œë‹ˆìŠ¤ ê²½ê¸° ê´€ëŒê¸°,"123e4567-e89b-12d3-a456-426614170055",í”„ë¡œ í…Œë‹ˆìŠ¤ ê²½ê¸°ë¥¼ ì§ì ‘ ê´€ëŒí•˜ê³  ì™”ìŠµë‹ˆë‹¤.,"https://images.unsplash.com/flagged/photo-1576972405668-2d020a01cbfa?q=80&w=3874&auto=format&fit=crop&ixlib=rb-4.1.0&ixid=M3wxMjA3fDB8MHxwaG90by1wYWdlfHx8fGVufDB8fHx8fA%3D%3D,https://images.unsplash.com/photo-1542144582-1ba00456b5e3?q=80&w=2094&auto=format&fit=crop&ixlib=rb-4.1.0&ixid=M3wxMjA3fDB8MHxwaG90by1wYWdlfHx8fGVufDB8fHx8fA%3D%3D,https://images.unsplash.com/photo-1530915534664-4ac6423816b7?q=80&w=3870&auto=format&fit=crop&ixlib=rb-4.1.0&ixid=M3wxMjA3fDB8MHxwaG90by1wYWdlfHx8fGVufDB8fHx8fA%3D%3D",true,2025-05-14 18:55:07.469 +0900,2025-05-14 18:55:07.469 +0900
109,ë‹¤ì´ì–´íŠ¸ ì¤‘ í˜ë“¤ ë•Œ,"123e4567-e89b-12d3-a456-426614170046",ë‹¤ì´ì–´íŠ¸ ì¤‘ í˜ë“¤ ë•ŒëŠ” ê°€ë²¼ìš´ ì‚°ì±…ì´ ë„ì›€ì´ ë¼ìš”..,"https://images.unsplash.com/photo-1490645935967-10de6ba17061?w=800&h=600&fit=crop,https://images.unsplash.com/photo-1561320637-607b6b19f493?q=80&w=3987&auto=format&fit=crop&ixlib=rb-4.1.0&ixid=M3wxMjA3fDB8MHxwaG90by1wYWdlfHx8fGVufDB8fHx8fA%3D%3D,https://plus.unsplash.com/premium_photo-1663852296872-51c74244d487?q=80&w=3963&auto=format&fit=crop&ixlib=rb-4.1.0&ixid=M3wxMjA3fDB8MHxwaG90by1wYWdlfHx8fGVufDB8fHx8fA%3D%3D",true,2025-05-14 18:55:07.469 +0900,2025-05-14 18:55:07.469 +0900
110,ì²« í•„ë¼í…ŒìŠ¤ ìˆ˜ì—… í›„ê¸°,"123e4567-e89b-12d3-a456-426614170033",ì˜¤ëŠ˜ ì²˜ìŒ í•„ë¼í…ŒìŠ¤ë¥¼ ê°€ë´¤ìŠµë‹ˆë‹¤. ì‚¬ì‹¤ ë³¼ë•ŒëŠ” ê·¸ë ‡ê²Œ ì•ˆ í˜ë“¤ì–´ë³´ë ¸ëŠ”ë° ì € ë™ì‘í•˜ë©´ì„œ íŒ”ì´ í›„ë“¤í›„ë“¤ ê±°ë ¤ì„œâ€¦ ì£½ëŠ”ì¤„ ì•Œì•˜ì–´ìš”..,https://www.harpersbazaar.co.kr/resources_old/online/org_online_image/d237a7cc-2417-4540-8965-cd9d34f757a9.jpg,true,2025-05-14 18:55:07.469 +0900,2025-05-14 18:55:07.469 +0900
111,ë°°ë“œë¯¼í„´ ë™í˜¸íšŒ ëª¨ì„,"123e4567-e89b-12d3-a456-426614170058",ë™í˜¸íšŒ ëª¨ì„ì—ì„œ ë‹¤ì–‘í•œ ì‚¬ëŒë“¤ê³¼ ë°°ë“œë¯¼í„´ì„ ì³¤ìŠµë‹ˆë‹¤.,"https://plus.unsplash.com/premium_photo-1664303134673-7a073bf3fb54?q=80&w=3691&auto=format&fit=crop&ixlib=rb-4.1.0&ixid=M3wxMjA3fDB8MHxwaG90by1wYWdlfHx8fGVufDB8fHx8fA%3D%3D,https://images.unsplash.com/photo-1687597778602-624a9438fe0b?q=80&w=3456&auto=format&fit=crop&ixlib=rb-4.1.0&ixid=M3wxMjA3fDB8MHxwaG90by1wYWdlfHx8fGVufDB8fHx8fA%3D%3D",true,2025-05-13 18:55:07.469 +0900,2025-05-13 18:55:07.469 +0900
112,ì‹ë‹¨ ì§„ì§œ ë„ˆë¬´ ì–´ë µë„¤ìš”,"123e4567-e89b-12d3-a456-426614170046",ì…ë§›ì—†ì„ë•Œê°€ ì œì¼ í˜ë“ ê±°ê°™ì•„ìš”..... í•˜,https://images.unsplash.com/photo-1490645935967-10de6ba17061?w=800&h=600&fit=crop,true,2025-05-13 18:55:07.469 +0900,2025-05-13 18:55:07.469 +0900
113,ë‹¤ë“¤ ì–´ë–¤ ìŠ¤íŠ¸ë ˆì¹­ í•˜ì‹œë‚˜ìš”?,"123e4567-e89b-12d3-a456-426614170085",ì €ëŠ” ì•„ì§ ê·¸ëƒ¥ ë§¨ëª¸ ìŠ¤íŠ¸ë ˆì¹­ë§Œ í•˜ê³  ìˆëŠ”ë° ì¶”ì²œí•´ì£¼ì‹¤ë§Œí•œ ì¢‹ì€ ë¬¼ê±´ì´ ìˆì„ê¹Œìš”???,"https://images.unsplash.com/photo-1597460605033-6b2302cd79d8?q=80&w=3840&auto=format&fit=crop&ixlib=rb-4.1.0&ixid=M3wxMjA3fDB8MHxwaG90by1wYWdlfHx8fGVufDB8fHx8fA%3D%3D,https://plus.unsplash.com/premium_photo-1661371807020-89384e58a49e?q=80&w=3870&auto=format&fit=crop&ixlib=rb-4.1.0&ixid=M3wxMjA3fDB8MHxwaG90by1wYWdlfHx8fGVufDB8fHx8fA%3D%3D",true,2025-05-13 18:55:07.469 +0900,2025-05-13 18:55:07.469 +0900
114,í•œê°• ë¼ì´ë”© ì½”ìŠ¤ ì¶”ì²œë°›ì•„ìš”,"123e4567-e89b-12d3-a456-426614170023",ì¢‹ì€ ì½”ìŠ¤ ìˆì„ê¹Œìš”?,"https://plus.unsplash.com/premium_photo-1661964220280-d640498f9556?q=80&w=3870&auto=format&fit=crop&ixlib=rb-4.1.0&ixid=M3wxMjA3fDB8MHxwaG90by1wYWdlfHx8fGVufDB8fHx8fA%3D%3D,https://images.unsplash.com/photo-1632050592122-6b730e1ac63f?q=80&w=1843&auto=format&fit=crop&ixlib=rb-4.1.0&ixid=M3wxMjA3fDB8MHxwaG90by1wYWdlfHx8fGVufDB8fHx8fA%3D%3D",false,2025-05-13 18:55:07.469 +0900,2025-05-13 18:55:07.469 +0900
115,ì˜¤ëŠ˜ì˜ í™ˆíŠ¸ ì™„ë£Œ!,"123e4567-e89b-12d3-a456-426614170011",ì˜¤ëŠ˜ ì§‘ì—ì„œ í™ˆíŠ¸ë¡œ ë•€ì„ ì«™ ëºì–´ìš”. ë‚´ì¼ë„ í™”ì´íŒ…!,"https://plus.unsplash.com/premium_photo-1664476325264-f1dab37eaa7a?q=80&w=3871&auto=format&fit=crop&ixlib=rb-4.1.0&ixid=M3wxMjA3fDB8MHxwaG90by1wYWdlfHx8fGVufDB8fHx8fA%3D%3D,https://images.unsplash.com/photo-1571019613454-1cb2f99b2d8b?w=800&h=600&fit=crop",true,2025-05-12 18:55:07.469 +0900,2025-05-12 18:55:07.469 +0900
116,ì˜¤ëŠ˜ì˜ í™ˆíŠ¸ ì™„ë£Œ!,"123e4567-e89b-12d3-a456-426614170085",ì˜¤ëŠ˜ ì§‘ì—ì„œ í™ˆíŠ¸ë¡œ ë•€ì„ ì«™ ëºì–´ìš”. ë‚´ì¼ë„ í™”ì´íŒ…!,https://images.unsplash.com/photo-1734873477108-6837b02f2b9d?q=80&w=3468&auto=format&fit=crop&ixlib=rb-4.1.0&ixid=M3wxMjA3fDB8MHxwaG90by1wYWdlfHx8fGVufDB8fHx8fA%3D%3D,true,2025-05-12 18:55:07.469 +0900,2025-05-12 18:55:07.469 +0900
117,ì•„ì¹¨ ìš”ê°€ (feat.ë“±ì‚°),"123e4567-e89b-12d3-a456-426614170030",ì¡°ê¸ˆ ìœ„í—˜í•´ë³´ì´ì§€ë§Œ ì €ëŠ” ìŠ¤ë¦´ì„ ì¦ê²¨ìš”. í•œ ë²ˆì”© ì´ë ‡ê²Œ ì •ìƒì—ì„œ í•´ë³´ëŠ” ê²ƒë„ ì¢‹ì€ ê²ƒ ê°™ì•„ìš”. ì–´ë•Œìš”?,"https://images.unsplash.com/photo-1545389336-cf090694435e?q=80&w=3667&auto=format&fit=crop&ixlib=rb-4.1.0&ixid=M3wxMjA3fDB8MHxwaG90by1wYWdlfHx8fGVufDB8fHx8fA%3D%3D,https://images.unsplash.com/photo-1552196563-55cd4e45efb3?q=80&w=3852&auto=format&fit=crop&ixlib=rb-4.1.0&ixid=M3wxMjA3fDB8MHxwaG90by1wYWdlfHx8fGVufDB8fHx8fA%3D%3D",false,2025-05-12 18:55:07.469 +0900,2025-05-12 18:55:07.469 +0900
118,ë“œë””ì–´ ì˜¤ë¦¬ë°œ ì‹œì‘..!,"123e4567-e89b-12d3-a456-426614170037",ì´ì œ ì˜¤ë¦¬ë°œ ë“¤ì–´ê°€ì„œ ì˜¤ë¦¬ë°œ í•˜ë‚˜ ì¥ë§Œí–ˆìŠµë‹ˆë‹¤ã…ã… ìˆ˜ì˜ì€ í• ìˆ˜ë¡ ì¬ë°Œë„¤ìš”,"https://cdn.news.hidoc.co.kr/news/photo/201905/19279_45881_0658.jpg,https://plus.unsplash.com/premium_photo-1701030722594-2b8d0e5e356f?q=80&w=3235&auto=format&fit=crop&ixlib=rb-4.1.0&ixid=M3wxMjA3fDB8MHxwaG90by1wYWdlfHx8fGVufDB8fHx8fA%3D%3D,https://plus.unsplash.com/premium_photo-1701030722617-25087a8fe287?q=80&w=2940&auto=format&fit=crop&ixlib=rb-4.1.0&ixid=M3wxMjA3fDB8MHxwaG90by1wYWdlfHx8fGVufDB8fHx8fA%3D%3D",true,2025-05-12 18:55:07.469 +0900,2025-05-12 18:55:07.469 +0900
119,ì˜¤ëŠ˜ ìš´ë™ ì™„ë£Œ!,"123e4567-e89b-12d3-a456-426614170033",ì˜¤ëŠ˜ í•„ë¼í…ŒìŠ¤ ìƒˆë¡œìš´ ë™ì‘ ë‚˜ê°”ëŠ”ë° ë„ˆë¬´ í˜ë“¤ì–´ì„œ ì“°ëŸ¬ì§ˆë»”í–ˆì–´ìš”..ê·¸ë˜ë„ í•˜ê³ ë‚˜ë©´ ì§„ì§œ ëª¸ì€ ê°œìš´í•©ë‹ˆë‹¤ êµ³êµ³,"https://images.unsplash.com/photo-1717500252573-d31d4bf5ddf1?q=80&w=2940&auto=format&fit=crop&ixlib=rb-4.1.0&ixid=M3wxMjA3fDB8MHxwaG90by1wYWdlfHx8fGVufDB8fHx8fA%3D%3D,https://plus.unsplash.com/premium_photo-1671028547976-4b1e3300a350?q=80&w=2940&auto=format&fit=crop&ixlib=rb-4.1.0&ixid=M3wxMjA3fDB8MHxwaG90by1wYWdlfHx8fGVufDB8fHx8fA%3D%3D,https://images.unsplash.com/photo-1717500250901-9f4c8bd96a9d?q=80&w=3087&auto=format&fit=crop&ixlib=rb-4.1.0&ixid=M3wxMjA3fDB8MHxwaG90by1wYWdlfHx8fGVufDB8fHx8fA%3D%3D",true,2025-05-12 18:55:07.469 +0900,2025-05-12 18:55:07.469 +0900
120,í™ˆíŠ¸ë¡œ ì²´ë ¥ ê¸°ë¥´ê¸°,"123e4567-e89b-12d3-a456-426614170011",í™ˆíŠ¸ë¡œ ì²´ë ¥ì´ ì ì  ì¢‹ì•„ì§€ëŠ” ê²Œ ëŠê»´ì§‘ë‹ˆë‹¤.,"https://images.unsplash.com/photo-1571019613454-1cb2f99b2d8b?w=800&h=600&fit=crop,https://plus.unsplash.com/premium_photo-1671028547976-4b1e3300a350?q=80&w=3870&auto=format&fit=crop&ixlib=rb-4.1.0&ixid=M3wxMjA3fDB8MHxwaG90by1wYWdlfHx8fGVufDB8fHx8fA%3D%3D,https://images.unsplash.com/photo-1734873477108-6837b02f2b9d?q=80&w=3468&auto=format&fit=crop&ixlib=rb-4.1.0&ixid=M3wxMjA3fDB8MHxwaG90by1wYWdlfHx8fGVufDB8fHx8fA%3D%3D",true,2025-05-11 18:55:07.469 +0900,2025-05-11 18:55:07.469 +0900
121,ì›¨ì´íŠ¸ íŠ¸ë ˆì´ë‹ ë£¨í‹´ ì¶”ì²œë°›ì•„ìš”,"123e4567-e89b-12d3-a456-426614170096",ì˜¤ëŠ˜ì€ í•˜ì²´ ìœ„ì£¼ë¡œ ì›¨ì´íŠ¸ë¥¼ í–ˆìŠµë‹ˆë‹¤. ë‹¤ë“¤ ì–´ë–¤ì‹ìœ¼ë¡œ ìš´ë™ ë£¨í‹´ì„ ì§œì‹œë‚˜ìš”?,"https://images.unsplash.com/photo-1549060279-7e168fcee0c2?w=800&h=600&fit=crop,https://images.unsplash.com/photo-1571731956672-f2b94d7dd0cb?w=800&h=600&fit=crop",true,2025-05-11 18:55:07.469 +0900,2025-05-11 18:55:07.469 +0900
122,ë‹¨ë°±ì§ˆë°” ì´ê²Œ ì§±ì´ì—ìš”,"123e4567-e89b-12d3-a456-426614170096",ë‹¥í„°ìœ êº¼ ì´ ë‹¨ë°±ì§ˆë°”ê°€ 24gì´ë‚˜ ë“¤ì–´ìˆê³  ì§„ì§œ ë§›ìˆì–´ìš”!!!,"https://images.unsplash.com/photo-1693996045300-521e9d08cabc?q=80&w=2940&auto=format&fit=crop&ixlib=rb-4.1.0&ixid=M3wxMjA3fDB8MHxwaG90by1wYWdlfHx8fGVufDB8fHx8fA%3D%3D,https://d1cnx04b8cgzcv.cloudfront.net/media/products/products/4c368457b8934a07a35c0989ce82b268.jpg?width=720&quality=95,https://img.cjthemarket.com/images/file/product/490/20240411103339994.PNG?SF=webp&RS=550x550",true,2025-05-11 18:55:07.469 +0900,2025-05-11 18:55:07.469 +0900
123,ë°”ë””í”„ë¡œí•„ ì‹ë‹¨,"123e4567-e89b-12d3-a456-426614170050",ë°”ë””í”„ë¡œí•„ì„ ìœ„í•œ ì‹ë‹¨ì„ ê³µìœ í•©ë‹ˆë‹¤.,"https://m.asiailbo.co.kr/data/2023/21080200/20230808_131142_a6e3014.jpg,https://plus.unsplash.com/premium_photo-1675964349915-4a915535060c?q=80&w=3987&auto=format&fit=crop&ixlib=rb-4.1.0&ixid=M3wxMjA3fDB8MHxwaG90by1wYWdlfHx8fGVufDB8fHx8fA%3D%3D,https://plus.unsplash.com/premium_photo-1664475922946-d01445240652?q=80&w=3987&auto=format&fit=crop&ixlib=rb-4.1.0&ixid=M3wxMjA3fDB8MHxwaG90by1wYWdlfHx8fGVufDB8fHx8fA%3D%3D",true,2025-05-11 18:55:07.469 +0900,2025-05-11 18:55:07.469 +0900
124,ì²˜ìŒ í—¬ìŠ¤ì¥ ë“±ë¡í–ˆìŠµë‹ˆë‹¤ !,"123e4567-e89b-12d3-a456-426614170096",ìƒˆë¡œ ìƒê¸´ í—¬ìŠ¤ì¥ì´ë¼ ê·¸ëŸ°ì§€ ê¹”ê¼¼í•˜ë„¤ìš” í•œ ë²ˆ ì—´ì‹¬íˆ í•´ë³´ê² ìŠµë‹ˆë‹¤. ğŸ”¥,"https://images.unsplash.com/photo-1605296867424-35fc25c9212a?w=800&h=600&fit=crop,https://images.unsplash.com/photo-1574680096145-d05b474e2155?w=800&h=600&fit=crop",false,2025-05-10 18:55:07.469 +0900,2025-05-10 18:55:07.469 +0900
125,ìš´ë™ë³µ ì‡¼í•‘ í›„ê¸°,"123e4567-e89b-12d3-a456-426614170096",ìƒˆë¡œ ì‚° ìš´ë™ë³µì´ ì •ë§ í¸í•˜ê³  ì˜ˆë»ìš”.,https://images.unsplash.com/photo-1540254597053-3901b858d40f?q=80&w=3308&auto=format&fit=crop&ixlib=rb-4.1.0&ixid=M3wxMjA3fDB8MHxwaG90by1wYWdlfHx8fGVufDB8fHx8fA%3D%3D,true,2025-05-10 18:55:07.469 +0900,2025-05-10 18:55:07.469 +0900
126,í™ˆíŠ¸ ì¸ì¦ìƒ· ê³µìœ ,"123e4567-e89b-12d3-a456-426614170064",ë§¤ì¼ ê¾¸ì¤€íˆ í™ˆíŠ¸í•˜ëŠ” ìŠµê´€ì„ ë“¤ì´ê³  ìˆì–´ìš”.,"https://plus.unsplash.com/premium_photo-1664300607508-f8fce5d434b4?q=80&w=3870&auto=format&fit=crop&ixlib=rb-4.1.0&ixid=M3wxMjA3fDB8MHxwaG90by1wYWdlfHx8fGVufDB8fHx8fA%3D%3D,https://images.unsplash.com/photo-1734873477108-6837b02f2b9d?q=80&w=3468&auto=format&fit=crop&ixlib=rb-4.1.0&ixid=M3wxMjA3fDB8MHxwaG90by1wYWdlfHx8fGVufDB8fHx8fA%3D%3D,https://plus.unsplash.com/premium_photo-1664476325264-f1dab37eaa7a?q=80&w=3871&auto=format&fit=crop&ixlib=rb-4.1.0&ixid=M3wxMjA3fDB8MHxwaG90by1wYWdlfHx8fGVufDB8fHx8fA%3D%3D",false,2025-05-09 18:55:07.469 +0900,2025-05-09 18:55:07.469 +0900
127,ì²˜ìŒ í—¬ìŠ¤ì¥ ë“±ë¡í–ˆìŠµë‹ˆë‹¤ !,"123e4567-e89b-12d3-a456-426614170064",ìƒˆë¡œ ìƒê¸´ í—¬ìŠ¤ì¥ì´ë¼ ê·¸ëŸ°ì§€ ê¹”ê¼¼í•˜ë„¤ìš” í•œ ë²ˆ ì—´ì‹¬íˆ í•´ë³´ê² ìŠµë‹ˆë‹¤. ğŸ”¥,"https://images.unsplash.com/photo-1549060279-7e168fcee0c2?w=800&h=600&fit=crop,https://images.unsplash.com/photo-1574680096145-d05b474e2155?w=800&h=600&fit=crop",true,2025-05-09 18:55:07.469 +0900,2025-05-09 18:55:07.469 +0900
128,ì›¨ì´íŠ¸ íŠ¸ë ˆì´ë‹ ë£¨í‹´ ì¶”ì²œë°›ì•„ìš”,"123e4567-e89b-12d3-a456-426614170075",ì˜¤ëŠ˜ì€ í•˜ì²´ ìœ„ì£¼ë¡œ ì›¨ì´íŠ¸ë¥¼ í–ˆìŠµë‹ˆë‹¤. ë‹¤ë“¤ ì–´ë–¤ì‹ìœ¼ë¡œ ìš´ë™ ë£¨í‹´ì„ ì§œì‹œë‚˜ìš”?,"https://images.unsplash.com/photo-1540497077202-7c8a3999166f?w=800&h=600&fit=crop,https://images.unsplash.com/photo-1574680096145-d05b474e2155?w=800&h=600&fit=crop",true,2025-05-09 18:55:07.469 +0900,2025-05-09 18:55:07.469 +0900
129,í…Œë‹ˆìŠ¤ ë ˆìŠ¨ í›„ê¸°,"123e4567-e89b-12d3-a456-426614170055",ì˜¤ëŠ˜ í…Œë‹ˆìŠ¤ ë ˆìŠ¨ì—ì„œ ë°±í•¸ë“œë¥¼ ë°°ì› ì–´ìš”.,"https://images.unsplash.com/flagged/photo-1576972405668-2d020a01cbfa?q=80&w=3874&auto=format&fit=crop&ixlib=rb-4.1.0&ixid=M3wxMjA3fDB8MHxwaG90by1wYWdlfHx8fGVufDB8fHx8fA%3D%3D,https://images.unsplash.com/photo-1554068865-24cecd4e34b8?q=80&w=3870&auto=format&fit=crop&ixlib=rb-4.1.0&ixid=M3wxMjA3fDB8MHxwaG90by1wYWdlfHx8fGVufDB8fHx8fA%3D%3D",true,2025-05-09 18:55:07.469 +0900,2025-05-09 18:55:07.469 +0900
130,ìˆ˜ì˜ìœ¼ë¡œ ë‹¤ì´ì–´íŠ¸ ì„±ê³µ!,"123e4567-e89b-12d3-a456-426614170037","6ë‹¬ ë™ì•ˆ ìˆ˜ì˜ìœ¼ë¡œ ìš´ë™í•˜ë‹ˆ ìì—°ìŠ¤ëŸ½ê²Œ 8kgë‚˜ ë¹ ì¡ŒìŠµë‹ˆë‹¤. ë‹¤ë“¤ ê¾¸ì¤€íˆ ìˆ˜ì˜í•´ë³´ì„¸ìš”!!","https://plus.unsplash.com/premium_photo-1701030722594-2b8d0e5e356f?q=80&w=3235&auto=format&fit=crop&ixlib=rb-4.1.0&ixid=M3wxMjA3fDB8MHxwaG90by1wYWdlfHx8fGVufDB8fHx8fA%3D%3D,https://cdn.news.hidoc.co.kr/news/photo/201905/19279_45881_0658.jpg,https://images.unsplash.com/photo-1678543792429-1d035ab8422b?q=80&w=2940&auto=format&fit=crop&ixlib=rb-4.1.0&ixid=M3wxMjA3fDB8MHxwaG90by1wYWdlfHx8fGVufDB8fHx8fA%3D%3D",true,2025-05-09 18:55:07.469 +0900,2025-05-09 18:55:07.469 +0900
131,í™ˆíŠ¸ë ˆì´ë‹ 30ì¼ ë„ì „ ì‹œì‘!,"123e4567-e89b-12d3-a456-426614170000",í™ˆíŠ¸ë ˆì´ë‹ 30ì¼ ë„ì „ì„ ì‹œì‘í–ˆìŠµë‹ˆë‹¤. ì§‘ì—ì„œë„ ì¶©ë¶„íˆ ì¢‹ì€ ìš´ë™ì´ ê°€ëŠ¥í•˜ë‹¤ëŠ” ê±¸ ë³´ì—¬ë“œë¦´ê²Œìš”!,https://images.unsplash.com/photo-1571019613454-1cb2f99b2d8b?w=800&h=600&fit=crop,true,2025-05-08 18:55:07.469 +0900,2025-05-08 18:55:07.469 +0900
132,í™ˆíŠ¸ë ˆì´ë‹ 30ì¼ ë„ì „ ì‹œì‘!,"123e4567-e89b-12d3-a456-426614170085",í™ˆíŠ¸ë ˆì´ë‹ 30ì¼ ë„ì „ì„ ì‹œì‘í–ˆìŠµë‹ˆë‹¤. ì§‘ì—ì„œë„ ì¶©ë¶„íˆ ì¢‹ì€ ìš´ë™ì´ ê°€ëŠ¥í•˜ë‹¤ëŠ” ê±¸ ë³´ì—¬ë“œë¦´ê²Œìš”!,https://plus.unsplash.com/premium_photo-1671028547976-4b1e3300a350?q=80&w=3870&auto=format&fit=crop&ixlib=rb-4.1.0&ixid=M3wxMjA3fDB8MHxwaG90by1wYWdlfHx8fGVufDB8fHx8fA%3D%3D,false,2025-05-08 18:55:07.469 +0900,2025-05-08 18:55:07.469 +0900
133,ã…‡ã…‡ã…‡,"123e4567-e89b-12d3-a456-426614170000",ê·¸ë¦½ ìƒˆë¡œ ìƒ€ëŠ”ë° ì°¸ ì¢‹ë„¤ìš”. ì—­ì‹œ ìš´ë™ì€ ì¥ë¹„ë¹¨!,https://images.unsplash.com/photo-1540497077202-7c8a3999166f?w=800&h=600&fit=crop,false,2025-05-08 18:55:07.469 +0900,2025-05-08 18:55:07.469 +0900
134,ë«í’€ë‹¤ìš´ í•´ë³´ëŠ”ë° ìš´ë™ìì„¸ ì´ê±° ë§ì•„ìš”?,"123e4567-e89b-12d3-a456-426614170085",í—¬ìŠ¤ ê³ ìˆ˜ë¶„ë“¤ ë„ì™€ì£¼ì„¸ìš” ã… ã… ,https://images.unsplash.com/photo-1540497077202-7c8a3999166f?w=800&h=600&fit=crop,true,2025-05-08 18:55:07.469 +0900,2025-05-08 18:55:07.469 +0900
135,í”„ë¡œí‹´ íš¨ê³¼ í›„ê¸°,"123e4567-e89b-12d3-a456-426614170096",í”„ë¡œí‹´ì„ ê¾¸ì¤€íˆ ë¨¹ìœ¼ë‹ˆ ê·¼ìœ¡ì´ ì˜ ë¶™ëŠ” ê²ƒ ê°™ì•„ìš”.,https://asset.m-gs.kr/prod/1020075140/1/550,true,2025-05-08 18:55:07.469 +0900,2025-05-08 18:55:07.469 +0900
136,íŠ¸ë ˆë“œë°€ ìš´ë™ ë£¨í‹´,"123e4567-e89b-12d3-a456-426614170064",ì œê°€ í•˜ëŠ” íŠ¸ë ˆë“œë°€ ìš´ë™ ë£¨í‹´ì„ ê³µìœ í•©ë‹ˆë‹¤.,"https://plus.unsplash.com/premium_photo-1683134587354-453eea03e1a5?w=800&h=600&auto=format&fit=crop&ixlib=rb-4.1.0&ixid=M3wxMjA3fDB8MHxwaG90by1wYWdlfHx8fGVufDB8fHx8fA%3D%3D,https://images.unsplash.com/photo-1638183395699-2c0db5b6afbb?q=80&w=3870&auto=format&fit=crop&ixlib=rb-4.1.0&ixid=M3wxMjA3fDB8MHxwaG90by1wYWdlfHx8fGVufDB8fHx8fA%3D%3D",true,2025-05-08 18:55:07.469 +0900,2025-05-08 18:55:07.469 +0900
137,í™ˆíŠ¸ë¡œ ì²´ë ¥ ê¸°ë¥´ê¸°,"123e4567-e89b-12d3-a456-426614170000",í™ˆíŠ¸ë¡œ ì²´ë ¥ì´ ì ì  ì¢‹ì•„ì§€ëŠ” ê²Œ ëŠê»´ì§‘ë‹ˆë‹¤.,"https://plus.unsplash.com/premium_photo-1671028547976-4b1e3300a350?q=80&w=3870&auto=format&fit=crop&ixlib=rb-4.1.0&ixid=M3wxMjA3fDB8MHxwaG90by1wYWdlfHx8fGVufDB8fHx8fA%3D%3D,https://images.unsplash.com/photo-1571019613454-1cb2f99b2d8b?w=800&h=600&fit=crop",true,2025-05-07 18:55:07.469 +0900,2025-05-07 18:55:07.469 +0900
138,í™ˆíŠ¸ë ˆì´ë‹ 30ì¼ ë„ì „ ì‹œì‘!,"123e4567-e89b-12d3-a456-426614170064",í™ˆíŠ¸ë ˆì´ë‹ 30ì¼ ë„ì „ì„ ì‹œì‘í–ˆìŠµë‹ˆë‹¤. ì§‘ì—ì„œë„ ì¶©ë¶„íˆ ì¢‹ì€ ìš´ë™ì´ ê°€ëŠ¥í•˜ë‹¤ëŠ” ê±¸ ë³´ì—¬ë“œë¦´ê²Œìš”!,"https://plus.unsplash.com/premium_photo-1671028547976-4b1e3300a350?q=80&w=3870&auto=format&fit=crop&ixlib=rb-4.1.0&ixid=M3wxMjA3fDB8MHxwaG90by1wYWdlfHx8fGVufDB8fHx8fA%3D%3D,https://images.unsplash.com/photo-1571019613454-1cb2f99b2d8b?w=800&h=600&fit=crop,https://images.unsplash.com/photo-1734873477108-6837b02f2b9d?q=80&w=3468&auto=format&fit=crop&ixlib=rb-4.1.0&ixid=M3wxMjA3fDB8MHxwaG90by1wYWdlfHx8fGVufDB8fHx8fA%3D%3D",true,2025-05-07 18:55:07.469 +0900,2025-05-07 18:55:07.469 +0900
139,ì˜¤ìš´ì™„,"123e4567-e89b-12d3-a456-426614170061",ë§¤ì¼ í„±ê±¸ì´ í•˜ê³  ìˆëŠ”ë° ì˜¤ëŠ˜ë”°ë¼ ì˜ ì•ˆë˜ë„¤ìš”.. ê·¸ë˜ë„ ì˜¤ëŠ˜ ìš´ë™ ì¸ì¦í–ˆìŠµë‹ˆë‹¤.,"https://images.unsplash.com/photo-1574680096145-d05b474e2155?w=800&h=600&fit=crop,https://images.unsplash.com/photo-1571731956672-f2b94d7dd0cb?w=800&h=600&fit=crop,https://images.unsplash.com/photo-1605296867424-35fc25c9212a?w=800&h=600&fit=crop",true,2025-05-07 18:55:07.469 +0900,2025-05-07 18:55:07.469 +0900
141,ë°”ë””í”„ë¡œí•„ ì´¬ì˜ í›„ê¸°,"123e4567-e89b-12d3-a456-426614170050",ë“œë””ì–´ ë°”ë””í”„ë¡œí•„ ì´¬ì˜ì„ ë§ˆì³¤ìŠµë‹ˆë‹¤!,"https://m.asiailbo.co.kr/data/2023/21080200/20230808_131142_a6e3014.jpg,https://plus.unsplash.com/premium_photo-1671632777292-7f28e9c97b47?q=80&w=3158&auto=format&fit=crop&ixlib=rb-4.1.0&ixid=M3wxMjA3fDB8MHxwaG90by1wYWdlfHx8fGVufDB8fHx8fA%3D%3D,https://plus.unsplash.com/premium_photo-1664475922946-d01445240652?q=80&w=3987&auto=format&fit=crop&ixlib=rb-4.1.0&ixid=M3wxMjA3fDB8MHxwaG90by1wYWdlfHx8fGVufDB8fHx8fA%3D%3D",true,2025-05-07 18:55:07.469 +0900,2025-05-07 18:55:07.469 +0900
142,ë«í’€ë‹¤ìš´ í•´ë³´ëŠ”ë° ìš´ë™ìì„¸ ì´ê±° ë§ì•„ìš”?,"123e4567-e89b-12d3-a456-426614170096",í—¬ìŠ¤ ê³ ìˆ˜ë¶„ë“¤ ë„ì™€ì£¼ì„¸ìš” ã… ã… ,https://images.unsplash.com/photo-1540497077202-7c8a3999166f?w=800&h=600&fit=crop,true,2025-05-06 18:55:07.469 +0900,2025-05-06 18:55:07.469 +0900
143,ëŸ¬ë‹ìœ¼ë¡œ ìƒì¾Œí•œ í•˜ë£¨,"123e4567-e89b-12d3-a456-426614170026",ëŸ¬ë‹ìœ¼ë¡œ ìŠ¤íŠ¸ë ˆìŠ¤ë¥¼ ë‚ ë ¤ë²„ë ¸ìŠµë‹ˆë‹¤.,"https://images.unsplash.com/photo-1552674605-db6ffd4facb5?w=800&h=600&fit=crop,https://images.unsplash.com/photo-1712634047253-e292abdff553?q=80&w=3089&auto=format&fit=crop&ixlib=rb-4.1.0&ixid=M3wxMjA3fDB8MHxwaG90by1wYWdlfHx8fGVufDB8fHx8fA%3D%3D",true,2025-05-06 18:55:07.469 +0900,2025-05-06 18:55:07.469 +0900
144,ë‹¤ì´ì–´íŠ¸ ì‹ë‹¨ ê³µìœ ,"123e4567-e89b-12d3-a456-426614170046",ë‹¤ì´ì–´íŠ¸ ì¤‘ì¸ ë¶„ë“¤ì„ ìœ„í•œ ê±´ê°•í•œ ì‹ë‹¨ì„ ê³µìœ í•©ë‹ˆë‹¤. ë§›ìˆìœ¼ë©´ì„œë„ ì˜ì–‘ê°€ ë†’ì€ ë©”ë‰´ë“¤ì´ì—ìš”.,"https://images.unsplash.com/photo-1561320637-607b6b19f493?q=80&w=3987&auto=format&fit=crop&ixlib=rb-4.1.0&ixid=M3wxMjA3fDB8MHxwaG90by1wYWdlfHx8fGVufDB8fHx8fA%3D%3D,https://images.unsplash.com/photo-1587996597484-04743eeb56b4?q=80&w=3987&auto=format&fit=crop&ixlib=rb-4.1.0&ixid=M3wxMjA3fDB8MHxwaG90by1wYWdlfHx8fGVufDB8fHx8fA%3D%3D,https://plus.unsplash.com/premium_photo-1663852296872-51c74244d487?q=80&w=3963&auto=format&fit=crop&ixlib=rb-4.1.0&ixid=M3wxMjA3fDB8MHxwaG90by1wYWdlfHx8fGVufDB8fHx8fA%3D%3D",false,2025-05-06 18:55:07.469 +0900,2025-05-06 18:55:07.469 +0900
145,ìš´ë™ë³µ ë¸Œëœë“œ ë¹„êµ,"123e4567-e89b-12d3-a456-426614170096",ì–´ë–¤ ë¸Œëœë“œê°€ ì¢‹ë‚˜ìš”? ì €ëŠ” ì ¸ì§€ê°€ ë„ˆë¬´ í¸í•´ì„œ ì´ê²ƒë§Œ ì…ì—ˆëŠ”ë°.. ë‹¤ë¥¸ ê²ƒë„ í•œë²ˆ ì‚¬ë³´ë ¤êµ¬ìš”,https://images.unsplash.com/photo-1512374382149-233c42b6a83b?w=800&h=600&fit=crop,true,2025-05-06 18:55:07.469 +0900,2025-05-06 18:55:07.469 +0900
146,ì•„ì¹¨ ìŠ¤íŠ¸ë ˆì¹­,"123e4567-e89b-12d3-a456-426614170085",ì•„ì¹¨ì— ìŠ¤íŠ¸ë ˆì¹­ì„ í•˜ë©´ í•˜ë£¨ê°€ ìƒì¾Œí•´ì ¸ìš”.,"https://plus.unsplash.com/premium_photo-1661371807020-89384e58a49e?q=80&w=3870&auto=format&fit=crop&ixlib=rb-4.1.0&ixid=M3wxMjA3fDB8MHxwaG90by1wYWdlfHx8fGVufDB8fHx8fA%3D%3D,https://plus.unsplash.com/premium_photo-1682434735853-4c385a795f87?w=800&h=600&auto=format&fit=crop&ixlib=rb-4.1.0&ixid=M3wxMjA3fDB8MHxwaG90by1wYWdlfHx8fGVufDB8fHx8fA%3D%3D,https://images.unsplash.com/photo-1597460605033-6b2302cd79d8?q=80&w=3840&auto=format&fit=crop&ixlib=rb-4.1.0&ixid=M3wxMjA3fDB8MHxwaG90by1wYWdlfHx8fGVufDB8fHx8fA%3D%3D",true,2025-05-06 18:55:07.469 +0900,2025-05-06 18:55:07.469 +0900
150,asdf,df83c189-9647-44e0-8e2a-7c59b82cac97,adsf,https://ssuled-bucket.s3.ap-southeast-2.amazonaws.com/images/d8e366cc-0b2c-4396-85fc-9d8e3a9a9ca8.jpg,true,2025-06-04 19:21:21.458 +0900,2025-06-04 19:21:21.458 +0900
151,ddd,df83c189-9647-44e0-8e2a-7c59b82cac97,ddd,https://ssuled-bucket.s3.ap-southeast-2.amazonaws.com/images/bd6b8996-5775-4f6c-bbc4-2faea0660081.jpg,false,2025-06-04 19:24:34.695 +0900,2025-06-04 19:24:34.695 +0900
